"model","year","price","transmission","mileage","fuelType","tax","mpg","engineSize","eng_1","eng_1.2","eng_1.3"
"Fiesta",2017,9000,"Manual",13054,"Petrol",145,54.3,1.2,0,0,1
"Fiesta",2018,11561,"Manual",18803,"Petrol",145,56.5,1,1,0,0
"Fiesta",2019,12500,"Manual",25521,"Petrol",145,55.4,1,1,0,0
"Fiesta",2018,9499,"Manual",20400,"Petrol",145,55.4,1.1,0,1,0
"Fiesta",2017,8995,"Manual",26163,"Petrol",145,65.7,1,1,0,0
"Fiesta",2017,8788,"Manual",15612,"Petrol",145,65.7,1,1,0,0
"Fiesta",2019,13540,"Manual",6923,"Petrol",145,58.9,1,1,0,0
"Fiesta",2016,6395,"Manual",31562,"Petrol",125,54.3,1.2,0,0,1
"Fiesta",2019,13498,"Manual",15822,"Petrol",145,58.9,1,1,0,0
"Fiesta",2018,12995,"Manual",14979,"Petrol",145,58.9,1,1,0,0
"Fiesta",2016,10798,"Manual",11843,"Petrol",0,65.7,1,1,0,0
"Fiesta",2017,11998,"Manual",6568,"Petrol",145,62.8,1,1,0,0
"Fiesta",2018,11995,"Manual",32168,"Petrol",145,65.7,1,1,0,0
"Fiesta",2019,13950,"Manual",6700,"Petrol",145,58.9,1,1,0,0
"Fiesta",2016,7995,"Manual",20700,"Petrol",125,54.3,1.2,0,0,1
"Fiesta",2018,11995,"Manual",31593,"Petrol",145,65.7,1,1,0,0
"Fiesta",2019,13998,"Manual",9957,"Petrol",145,58.9,1,1,0,0
"Fiesta",2017,10998,"Manual",10125,"Petrol",145,65.7,1,1,0,0
"Fiesta",2019,14698,"Manual",7872,"Petrol",145,58.9,1,1,0,0
"Fiesta",2016,7998,"Manual",16070,"Petrol",125,54.3,1.2,0,0,1
"Fiesta",2017,10998,"Manual",19140,"Petrol",145,62.8,1,1,0,0
"Fiesta",2017,10298,"Manual",9148,"Petrol",145,65.7,1,1,0,0
"Fiesta",2017,8998,"Manual",5233,"Petrol",125,54.3,1.2,0,0,1
"Fiesta",2018,12498,"Manual",17918,"Petrol",145,65.7,1,1,0,0
"Fiesta",2019,17498,"Manual",3265,"Petrol",145,58.9,1,1,0,0
"Fiesta",2018,14498,"Manual",9428,"Petrol",145,62.8,1,1,0,0
"Fiesta",2017,8498,"Manual",32538,"Petrol",0,65.7,1,1,0,0
"Fiesta",2019,11798,"Manual",4590,"Petrol",150,48.7,1.1,0,1,0
"Fiesta",2019,11898,"Manual",3396,"Petrol",150,48.7,1.1,0,1,0
"Fiesta",2019,13298,"Manual",7349,"Petrol",145,58.9,1,1,0,0
"Fiesta",2017,9598,"Manual",14403,"Petrol",145,64.2,1.1,0,1,0
"Fiesta",2018,9949,"Manual",27399,"Petrol",145,64.2,1.1,0,1,0
"Fiesta",2018,10990,"Manual",28138,"Petrol",145,56.5,1,1,0,0
"Fiesta",2019,14698,"Manual",8725,"Petrol",145,58.9,1,1,0,0
"Fiesta",2018,11995,"Manual",12080,"Petrol",150,65.7,1,1,0,0
"Fiesta",2016,8300,"Manual",43121,"Petrol",0,65.7,1,1,0,0
"Fiesta",2019,13998,"Manual",5887,"Petrol",145,58.9,1,1,0,0
"Fiesta",2017,9700,"Manual",28186,"Petrol",0,65.7,1,1,0,0
"Fiesta",2015,9200,"Manual",21261,"Petrol",0,65.7,1,1,0,0
"Fiesta",2019,13698,"Manual",12232,"Petrol",145,58.9,1,1,0,0
"Fiesta",2019,11698,"Manual",3578,"Petrol",150,48.7,1.1,0,1,0
"Fiesta",2019,14998,"Manual",7953,"Petrol",145,60.1,1,1,0,0
"Fiesta",2016,7998,"Manual",21446,"Petrol",125,54.3,1.2,0,0,1
"Fiesta",2019,12498,"Manual",7941,"Petrol",145,58.9,1,1,0,0
"Fiesta",2017,8998,"Manual",20507,"Petrol",125,54.3,1.2,0,0,1
"Fiesta",2017,7490,"Manual",28842,"Petrol",0,65.7,1,1,0,0
"Fiesta",2015,8298,"Manual",13118,"Petrol",0,65.7,1,1,0,0
"Fiesta",2017,7798,"Manual",11085,"Petrol",125,54.3,1.2,0,0,1
"Fiesta",2017,11495,"Manual",11476,"Petrol",145,65.7,1,1,0,0
"Fiesta",2017,8250,"Manual",32994,"Petrol",145,64.2,1.1,0,1,0
"Fiesta",2019,13898,"Manual",14698,"Petrol",145,58.9,1,1,0,0
"Fiesta",2019,14998,"Manual",8389,"Petrol",145,60.1,1,1,0,0
"Fiesta",2017,9298,"Manual",6213,"Petrol",125,54.3,1.2,0,0,1
"Fiesta",2015,6798,"Manual",37313,"Petrol",0,65.7,1,1,0,0
"Fiesta",2018,10998,"Manual",10970,"Petrol",145,58.9,1,1,0,0
"Fiesta",2016,8998,"Manual",12163,"Petrol",125,54.3,1.2,0,0,1
"Fiesta",2019,14998,"Manual",5721,"Petrol",145,60.1,1,1,0,0
"Fiesta",2015,7498,"Manual",23764,"Petrol",125,54.3,1.2,0,0,1
"Fiesta",2017,10798,"Manual",20241,"Petrol",145,65.7,1,1,0,0
"Fiesta",2017,10998,"Manual",2360,"Petrol",150,65.7,1,1,0,0
"Fiesta",2017,10698,"Manual",6991,"Petrol",145,65.7,1,1,0,0
"Fiesta",2016,8998,"Manual",19882,"Petrol",0,65.7,1,1,0,0
"Fiesta",2015,7324,"Manual",27128,"Petrol",0,65.7,1,1,0,0
"Fiesta",2018,10998,"Manual",16658,"Petrol",145,65.7,1,1,0,0
"Fiesta",2019,12698,"Manual",7942,"Petrol",145,56.5,1,1,0,0
"Fiesta",2019,11998,"Manual",9501,"Petrol",145,58.9,1,1,0,0
"Fiesta",2017,10598,"Manual",11544,"Petrol",145,65.7,1,1,0,0
"Fiesta",2018,10698,"Manual",14523,"Petrol",145,65.7,1,1,0,0
"Fiesta",2017,10498,"Manual",22788,"Petrol",145,65.7,1,1,0,0
"Fiesta",2019,11498,"Manual",14132,"Petrol",145,58.9,1,1,0,0
"Fiesta",2017,7695,"Manual",12868,"Petrol",125,54.3,1.2,0,0,1
"Fiesta",2017,8498,"Manual",21302,"Petrol",125,54.3,1.2,0,0,1
"Fiesta",2018,9698,"Manual",11783,"Petrol",150,64.2,1.1,0,1,0
"Fiesta",2015,8326,"Manual",25604,"Petrol",0,65.7,1,1,0,0
"Fiesta",2017,8498,"Manual",14110,"Petrol",150,54.3,1.2,0,0,1
"Fiesta",2017,9157,"Manual",14330,"Petrol",0,65.7,1,1,0,0
"Fiesta",2018,10498,"Manual",7654,"Petrol",150,55.4,1.1,0,1,0
"Fiesta",2018,12500,"Manual",33095,"Petrol",145,65.7,1,1,0,0
"Fiesta",2018,10000,"Manual",21763,"Petrol",145,65.7,1,1,0,0
"Fiesta",2015,7850,"Manual",19810,"Petrol",30,54.3,1.2,0,0,1
"Fiesta",2017,9000,"Manual",15378,"Petrol",0,65.7,1,1,0,0
"Fiesta",2018,10998,"Manual",25642,"Petrol",145,65.7,1,1,0,0
"Fiesta",2018,10850,"Manual",12946,"Petrol",145,65.7,1,1,0,0
"Fiesta",2018,9650,"Manual",15237,"Petrol",145,64.2,1.1,0,1,0
"Fiesta",2018,10000,"Manual",27843,"Petrol",145,65.7,1,1,0,0
"Fiesta",2016,8498,"Manual",20447,"Petrol",125,54.3,1.2,0,0,1
"Fiesta",2018,9000,"Manual",10945,"Petrol",145,64.2,1.1,0,1,0
"Fiesta",2018,10450,"Manual",20000,"Petrol",145,65.7,1,1,0,0
"Fiesta",2018,10650,"Manual",11451,"Petrol",145,65.7,1,1,0,0
"Fiesta",2017,8850,"Manual",16913,"Petrol",125,54.3,1.2,0,0,1
"Fiesta",2016,9998,"Manual",24242,"Petrol",0,65.7,1,1,0,0
"Fiesta",2018,10498,"Manual",8163,"Petrol",150,55.4,1.1,0,1,0
"Fiesta",2016,7298,"Manual",33349,"Petrol",125,54.3,1.2,0,0,1
"Fiesta",2015,6999,"Manual",27425,"Petrol",125,54.3,1.2,0,0,1
"Fiesta",2016,8990,"Manual",7872,"Petrol",0,65.7,1,1,0,0
"Fiesta",2019,10850,"Manual",14669,"Petrol",145,58.9,1,1,0,0
"Fiesta",2016,7495,"Manual",28805,"Petrol",125,54.3,1.2,0,0,1
"Fiesta",2019,12991,"Manual",13505,"Petrol",150,58.9,1,1,0,0
"Fiesta",2018,11030,"Manual",20271,"Petrol",145,65.7,1,1,0,0
"Fiesta",2016,7998,"Manual",20777,"Petrol",125,54.3,1.2,0,0,1
"Fiesta",2017,10491,"Manual",13326,"Petrol",145,65.7,1,1,0,0
"Fiesta",2018,9981,"Manual",4399,"Petrol",145,64.2,1.1,0,1,0
"Fiesta",2018,12990,"Manual",11814,"Petrol",145,57.7,1,1,0,0
"Fiesta",2018,9880,"Manual",20860,"Petrol",145,65.7,1,1,0,0
"Fiesta",2017,11000,"Manual",10802,"Petrol",145,65.7,1,1,0,0
"Fiesta",2019,15050,"Manual",11559,"Petrol",145,58.9,1,1,0,0
"Fiesta",2018,10498,"Manual",11421,"Petrol",145,65.7,1,1,0,0
"Fiesta",2019,13998,"Manual",9500,"Petrol",150,56.5,1,1,0,0
"Fiesta",2016,7498,"Manual",25123,"Petrol",125,54.3,1.2,0,0,1
"Fiesta",2016,11298,"Manual",5796,"Petrol",20,62.8,1,1,0,0
"Fiesta",2017,9998,"Manual",17265,"Petrol",145,65.7,1,1,0,0
"Fiesta",2017,10200,"Manual",11743,"Petrol",145,64.2,1.1,0,1,0
"Fiesta",2016,8640,"Manual",21763,"Petrol",125,54.3,1.2,0,0,1
"Fiesta",2018,12250,"Manual",8000,"Petrol",145,65.7,1,1,0,0
"Fiesta",2018,10400,"Manual",18515,"Petrol",145,65.7,1,1,0,0
"Fiesta",2016,9998,"Manual",14010,"Petrol",0,65.7,1,1,0,0
"Fiesta",2017,8998,"Manual",14188,"Petrol",125,54.3,1.2,0,0,1
"Fiesta",2017,8498,"Manual",26052,"Petrol",125,54.3,1.2,0,0,1
"Fiesta",2018,10298,"Manual",17672,"Petrol",145,65.7,1,1,0,0
"Fiesta",2017,8498,"Manual",20253,"Petrol",145,54.3,1.2,0,0,1
"Fiesta",2017,10998,"Manual",10829,"Petrol",0,65.7,1,1,0,0
"Fiesta",2017,8791,"Manual",34617,"Petrol",145,64.2,1.1,0,1,0
"Fiesta",2018,11200,"Manual",11550,"Petrol",150,65.7,1,1,0,0
"Fiesta",2017,10191,"Manual",19068,"Petrol",145,65.7,1,1,0,0
"Fiesta",2020,15750,"Manual",52,"Petrol",145,54.3,1,1,0,0
"Fiesta",2018,10250,"Manual",5220,"Petrol",145,64.2,1.1,0,1,0
"Fiesta",2016,7780,"Manual",37981,"Petrol",0,65.7,1,1,0,0
"Fiesta",2019,14990,"Manual",6591,"Petrol",145,55.4,1,1,0,0
"Fiesta",2017,9691,"Manual",11377,"Petrol",145,64.2,1.1,0,1,0
"Fiesta",2018,14500,"Manual",5223,"Petrol",145,58.9,1,1,0,0
"Fiesta",2018,9791,"Manual",8600,"Petrol",145,64.2,1.1,0,1,0
"Fiesta",2015,6475,"Manual",42716,"Petrol",0,65.7,1,1,0,0
"Fiesta",2017,9300,"Manual",29885,"Petrol",150,65.7,1,1,0,0
"Fiesta",2018,10291,"Manual",8324,"Petrol",145,64.2,1.1,0,1,0
"Fiesta",2018,11750,"Manual",13278,"Petrol",145,62.8,1,1,0,0
"Fiesta",2015,6798,"Manual",38271,"Petrol",125,54.3,1.2,0,0,1
"Fiesta",2015,7750,"Manual",24000,"Petrol",0,65.7,1,1,0,0
"Fiesta",2018,10700,"Manual",3329,"Petrol",145,65.7,1,1,0,0
"Fiesta",2018,10200,"Manual",12700,"Petrol",145,64.2,1.1,0,1,0
"Fiesta",2017,11200,"Manual",12380,"Petrol",145,65.7,1,1,0,0
"Fiesta",2017,7495,"Manual",18795,"Petrol",125,54.3,1.2,0,0,1
"Fiesta",2017,9495,"Manual",23364,"Petrol",0,65.7,1,1,0,0
"Fiesta",2017,8090,"Manual",13048,"Petrol",125,54.3,1.2,0,0,1
"Fiesta",2015,7450,"Manual",16806,"Petrol",0,65.7,1,1,0,0
"Fiesta",2019,14998,"Manual",4490,"Petrol",145,60.1,1,1,0,0
"Fiesta",2018,9395,"Manual",19000,"Petrol",150,64.2,1.1,0,1,0
"Fiesta",2016,7698,"Manual",23039,"Petrol",125,54.3,1.2,0,0,1
"Fiesta",2016,7995,"Manual",26863,"Petrol",0,65.7,1,1,0,0
"Fiesta",2018,10540,"Manual",14435,"Petrol",145,65.7,1,1,0,0
"Fiesta",2017,8995,"Manual",29830,"Petrol",0,65.7,1,1,0,0
"Fiesta",2015,8080,"Manual",25897,"Petrol",125,54.3,1.2,0,0,1
"Fiesta",2018,11240,"Manual",15669,"Petrol",145,65.7,1,1,0,0
"Fiesta",2019,13190,"Manual",8336,"Petrol",145,56.5,1,1,0,0
"Fiesta",2015,5298,"Manual",66174,"Petrol",0,65.7,1,1,0,0
"Fiesta",2017,7480,"Manual",30600,"Petrol",0,65.7,1,1,0,0
"Fiesta",2018,12500,"Manual",13773,"Petrol",145,62.8,1,1,0,0
"Fiesta",2018,12589,"Manual",5418,"Petrol",145,58.9,1,1,0,0
"Fiesta",2019,13998,"Manual",13702,"Petrol",145,58.9,1,1,0,0
"Fiesta",2019,13998,"Manual",16231,"Petrol",145,58.9,1,1,0,0
"Fiesta",2017,10398,"Manual",16914,"Petrol",0,65.7,1,1,0,0
"Fiesta",2018,11750,"Manual",6000,"Petrol",145,65.7,1,1,0,0
"Fiesta",2018,12995,"Manual",11340,"Petrol",145,62.8,1,1,0,0
"Fiesta",2018,8800,"Manual",4065,"Petrol",145,64.2,1.1,0,1,0
"Fiesta",2017,11450,"Manual",5551,"Petrol",20,62.8,1,1,0,0
"Fiesta",2017,8000,"Manual",25219,"Petrol",145,54.3,1.2,0,0,1
"Fiesta",2017,11300,"Manual",13931,"Petrol",145,65.7,1,1,0,0
"Fiesta",2015,10500,"Manual",4927,"Petrol",0,65.7,1,1,0,0
"Fiesta",2017,10495,"Manual",15206,"Petrol",145,65.7,1,1,0,0
"Fiesta",2016,9798,"Manual",24631,"Petrol",0,65.7,1,1,0,0
"Fiesta",2017,7298,"Manual",22444,"Petrol",145,54.3,1.2,0,0,1
"Fiesta",2019,13998,"Manual",10616,"Petrol",145,58.9,1,1,0,0
"Fiesta",2016,8600,"Manual",18316,"Petrol",125,54.3,1.2,0,0,1
"Fiesta",2017,9300,"Manual",14350,"Petrol",145,64.2,1.1,0,1,0
"Fiesta",2018,9780,"Manual",8829,"Petrol",145,55.4,1.1,0,1,0
"Fiesta",2019,12995,"Manual",12239,"Petrol",150,65.7,1,1,0,0
"Fiesta",2017,10000,"Manual",25243,"Petrol",145,65.7,1,1,0,0
"Fiesta",2017,7998,"Manual",42044,"Petrol",145,64.2,1.1,0,1,0
"Fiesta",2018,10888,"Manual",2280,"Petrol",145,58.9,1,1,0,0
"Fiesta",2017,8374,"Manual",17226,"Petrol",145,54.3,1.2,0,0,1
"Fiesta",2018,9090,"Manual",17200,"Petrol",145,64.2,1.1,0,1,0
"Fiesta",2019,12900,"Manual",12128,"Petrol",145,58.9,1,1,0,0
"Fiesta",2017,8400,"Manual",14448,"Petrol",145,54.3,1.2,0,0,1
"Fiesta",2019,10995,"Manual",6928,"Petrol",145,55.4,1.1,0,1,0
"Fiesta",2018,9750,"Manual",24788,"Petrol",145,65.7,1,1,0,0
"Fiesta",2017,9295,"Manual",22619,"Petrol",145,65.7,1,1,0,0
"Fiesta",2020,14995,"Manual",1798,"Petrol",145,56.5,1,1,0,0
"Fiesta",2017,7295,"Manual",15649,"Petrol",125,54.3,1.2,0,0,1
"Fiesta",2018,11350,"Manual",20824,"Petrol",150,65.7,1,1,0,0
"Fiesta",2016,8990,"Manual",46000,"Petrol",0,65.7,1,1,0,0
"Fiesta",2018,12000,"Manual",8538,"Petrol",150,56.5,1,1,0,0
"Fiesta",2017,10250,"Manual",17549,"Petrol",145,65.7,1,1,0,0
"Fiesta",2016,8500,"Manual",42000,"Petrol",20,62.8,1,1,0,0
"Fiesta",2018,9790,"Manual",5879,"Petrol",150,64.2,1.1,0,1,0
"Fiesta",2017,9995,"Manual",27755,"Petrol",20,62.8,1,1,0,0
"Fiesta",2018,12995,"Manual",8578,"Petrol",145,58.9,1,1,0,0
"Fiesta",2015,8250,"Manual",26937,"Petrol",0,65.7,1,1,0,0
"Fiesta",2019,13690,"Manual",4401,"Petrol",145,48.7,1.1,0,1,0
"Fiesta",2017,7390,"Manual",40782,"Petrol",125,54.3,1.2,0,0,1
"Fiesta",2018,9990,"Manual",12639,"Petrol",150,65.7,1,1,0,0
"Fiesta",2018,9590,"Manual",9864,"Petrol",145,65.7,1,1,0,0
"Fiesta",2019,14190,"Manual",3816,"Petrol",150,58.9,1,1,0,0
"Fiesta",2018,12495,"Manual",12810,"Petrol",145,56.5,1,1,0,0
"Fiesta",2016,8990,"Manual",21871,"Petrol",0,65.7,1,1,0,0
"Fiesta",2018,9200,"Manual",13751,"Petrol",145,64.2,1.1,0,1,0
"Fiesta",2015,6298,"Manual",30797,"Petrol",125,54.3,1.2,0,0,1
"Fiesta",2018,14250,"Manual",4706,"Petrol",145,65.7,1,1,0,0
"Fiesta",2018,9490,"Manual",15196,"Petrol",145,64.2,1.1,0,1,0
"Fiesta",2017,9400,"Manual",36239,"Petrol",0,65.7,1,1,0,0
"Fiesta",2018,12500,"Manual",10349,"Petrol",150,65.7,1,1,0,0
"Fiesta",2016,7495,"Manual",28290,"Petrol",125,54.3,1.2,0,0,1
"Fiesta",2016,8995,"Manual",20741,"Petrol",0,65.7,1,1,0,0
"Fiesta",2018,12377,"Manual",30335,"Petrol",145,65.7,1,1,0,0
"Fiesta",2015,7400,"Manual",31563,"Petrol",125,54.3,1.2,0,0,1
"Fiesta",2018,12400,"Manual",14346,"Petrol",145,62.8,1,1,0,0
"Fiesta",2015,6998,"Manual",39405,"Petrol",0,65.7,1,1,0,0
"Fiesta",2015,7498,"Manual",2263,"Petrol",0,65.7,1,1,0,0
"Fiesta",2016,7998,"Manual",30654,"Petrol",0,65.7,1,1,0,0
"Fiesta",2018,10298,"Manual",18192,"Petrol",145,65.7,1,1,0,0
"Fiesta",2017,8498,"Manual",17292,"Petrol",145,54.3,1.2,0,0,1
"Fiesta",2016,6998,"Manual",34716,"Petrol",125,54.3,1.2,0,0,1
"Fiesta",2018,10495,"Manual",33237,"Petrol",145,60.1,1,1,0,0
"Fiesta",2016,9699,"Manual",23149,"Petrol",20,62.8,1,1,0,0
"Fiesta",2016,8998,"Manual",14342,"Petrol",0,65.7,1,1,0,0
"Fiesta",2015,7499,"Manual",16427,"Petrol",0,65.7,1,1,0,0
"Fiesta",2019,11999,"Manual",12700,"Petrol",145,65.7,1,1,0,0
"Fiesta",2018,15498,"Manual",3059,"Petrol",145,60.1,1,1,0,0
"Fiesta",2015,5980,"Manual",26000,"Petrol",30,54.3,1.2,0,0,1
"Fiesta",2017,9490,"Manual",12620,"Petrol",0,65.7,1,1,0,0
"Fiesta",2016,7250,"Manual",22440,"Petrol",125,54.3,1.2,0,0,1
"Fiesta",2019,15495,"Manual",2112,"Petrol",145,58.9,1,1,0,0
"Fiesta",2015,8082,"Manual",32309,"Petrol",0,65.7,1,1,0,0
"Fiesta",2018,12698,"Manual",5987,"Petrol",150,58.9,1,1,0,0
"Fiesta",2018,8791,"Manual",13579,"Petrol",150,64.2,1.1,0,1,0
"Fiesta",2019,11498,"Manual",5492,"Petrol",150,48.7,1.1,0,1,0
"Fiesta",2017,9312,"Manual",18850,"Petrol",145,65.7,1,1,0,0
"Fiesta",2018,10642,"Manual",16364,"Petrol",145,65.7,1,1,0,0
"Fiesta",2017,10980,"Manual",18982,"Petrol",150,65.7,1,1,0,0
"Fiesta",2017,10500,"Manual",29533,"Petrol",20,62.8,1,1,0,0
"Fiesta",2017,10990,"Manual",18487,"Petrol",145,65.7,1,1,0,0
"Fiesta",2018,8930,"Manual",38151,"Petrol",145,65.7,1,1,0,0
"Fiesta",2017,9417,"Manual",35731,"Petrol",150,62.8,1,1,0,0
"Fiesta",2016,8230,"Manual",50784,"Petrol",0,65.7,1,1,0,0
"Fiesta",2015,7995,"Manual",8700,"Petrol",125,54.3,1.2,0,0,1
"Fiesta",2017,8999,"Manual",12850,"Petrol",145,65.7,1,1,0,0
"Fiesta",2018,10770,"Manual",31306,"Petrol",145,56.5,1,1,0,0
"Fiesta",2016,8950,"Manual",10864,"Petrol",125,54.3,1.2,0,0,1
"Fiesta",2015,7250,"Manual",19913,"Petrol",0,65.7,1,1,0,0
"Fiesta",2015,7900,"Manual",27372,"Petrol",0,65.7,1,1,0,0
"Fiesta",2017,9499,"Manual",3266,"Petrol",145,64.2,1.1,0,1,0
"Fiesta",2018,11000,"Manual",22140,"Petrol",145,56.5,1,1,0,0
"Fiesta",2019,16590,"Manual",4720,"Petrol",145,60.1,1,1,0,0
"Fiesta",2019,12990,"Manual",5744,"Petrol",145,48.7,1.1,0,1,0
"Fiesta",2019,15780,"Manual",9803,"Petrol",145,60.1,1,1,0,0
"Fiesta",2017,9420,"Manual",30045,"Petrol",0,65.7,1,1,0,0
"Fiesta",2019,11170,"Manual",8237,"Petrol",145,58.9,1,1,0,0
"Fiesta",2015,7995,"Manual",18209,"Petrol",0,65.7,1,1,0,0
"Fiesta",2017,7999,"Manual",36987,"Petrol",145,54.3,1.2,0,0,1
"Fiesta",2016,9000,"Manual",24806,"Petrol",0,65.7,1,1,0,0
"Fiesta",2017,8998,"Manual",9281,"Petrol",125,54.3,1.2,0,0,1
"Fiesta",2018,12191,"Manual",9610,"Petrol",145,65.7,1,1,0,0
"Fiesta",2019,13830,"Manual",6484,"Petrol",145,60.1,1,1,0,0
"Fiesta",2015,8291,"Manual",20927,"Petrol",0,65.7,1,1,0,0
"Fiesta",2018,11995,"Manual",6203,"Petrol",145,58.9,1,1,0,0
"Fiesta",2019,15910,"Manual",5752,"Petrol",145,58.9,1,1,0,0
"Fiesta",2019,13130,"Manual",2306,"Petrol",145,48.7,1.1,0,1,0
"Fiesta",2017,9695,"Manual",21803,"Petrol",145,62.8,1,1,0,0
"Fiesta",2017,8498,"Manual",22864,"Petrol",150,64.2,1.1,0,1,0
"Fiesta",2017,8700,"Manual",11000,"Petrol",145,54.3,1.2,0,0,1
"Fiesta",2017,10200,"Manual",23278,"Petrol",150,65.7,1,1,0,0
"Fiesta",2019,10498,"Manual",20636,"Petrol",150,55.4,1.1,0,1,0
"Fiesta",2016,8998,"Manual",28164,"Petrol",0,65.7,1,1,0,0
"Fiesta",2016,9650,"Manual",22083,"Petrol",20,62.8,1,1,0,0
"Fiesta",2019,13130,"Manual",151,"Petrol",145,48.7,1.1,0,1,0
"Fiesta",2019,16400,"Manual",4001,"Petrol",145,60.1,1,1,0,0
"Fiesta",2016,9891,"Manual",14038,"Petrol",0,65.7,1,1,0,0
"Fiesta",2018,11260,"Manual",7891,"Petrol",145,65.7,1,1,0,0
"Fiesta",2018,10991,"Manual",5699,"Petrol",145,58.9,1,1,0,0
"Fiesta",2017,10410,"Manual",17188,"Petrol",145,62.8,1,1,0,0
"Fiesta",2019,15370,"Manual",5001,"Petrol",145,60.1,1,1,0,0
"Fiesta",2016,7691,"Manual",22822,"Petrol",125,54.3,1.2,0,0,1
"Fiesta",2019,12490,"Manual",2583,"Petrol",145,48.7,1.1,0,1,0
"Fiesta",2018,10731,"Manual",4026,"Petrol",145,65.7,1,1,0,0
"Fiesta",2017,10698,"Manual",22660,"Petrol",150,65.7,1,1,0,0
"Fiesta",2017,8291,"Manual",24450,"Petrol",145,64.2,1.1,0,1,0
"Fiesta",2015,6970,"Manual",21309,"Petrol",125,54.3,1.2,0,0,1
"Fiesta",2015,8499,"Manual",13964,"Petrol",0,65.7,1,1,0,0
"Fiesta",2019,10298,"Manual",14422,"Petrol",145,55.4,1.1,0,1,0
"Fiesta",2017,7798,"Manual",32039,"Petrol",125,54.3,1.2,0,0,1
"Fiesta",2017,10498,"Manual",23992,"Petrol",20,62.8,1,1,0,0
"Fiesta",2018,9730,"Manual",7305,"Petrol",145,65.7,1,1,0,0
"Fiesta",2016,7430,"Manual",38744,"Petrol",0,65.7,1,1,0,0
"Fiesta",2016,9600,"Manual",14535,"Petrol",0,65.7,1,1,0,0
"Fiesta",2018,10000,"Manual",25062,"Petrol",145,65.7,1,1,0,0
"Fiesta",2017,11531,"Manual",8263,"Petrol",0,65.7,1,1,0,0
"Fiesta",2018,8991,"Manual",15560,"Petrol",150,64.2,1.1,0,1,0
"Fiesta",2017,9491,"Manual",16892,"Petrol",145,65.7,1,1,0,0
"Fiesta",2018,11180,"Manual",18885,"Petrol",150,62.8,1,1,0,0
"Fiesta",2017,9400,"Manual",14415,"Petrol",145,65.7,1,1,0,0
"Fiesta",2018,10300,"Manual",27929,"Petrol",150,65.7,1,1,0,0
"Fiesta",2019,12990,"Manual",4002,"Petrol",145,58.9,1,1,0,0
"Fiesta",2015,7695,"Manual",25128,"Petrol",125,54.3,1.2,0,0,1
"Fiesta",2017,9150,"Manual",9150,"Petrol",145,65.7,1,1,0,0
"Fiesta",2016,8995,"Manual",32204,"Petrol",20,62.8,1,1,0,0
"Fiesta",2019,13140,"Manual",5,"Petrol",145,48.7,1.1,0,1,0
"Fiesta",2019,16950,"Manual",11000,"Petrol",145,55.4,1,1,0,0
"Fiesta",2016,8230,"Manual",24295,"Petrol",0,65.7,1,1,0,0
"Fiesta",2017,9790,"Manual",7471,"Petrol",0,65.7,1,1,0,0
"Fiesta",2016,7791,"Manual",26985,"Petrol",125,54.3,1.2,0,0,1
"Fiesta",2017,9267,"Manual",6532,"Petrol",145,65.7,1,1,0,0
"Fiesta",2019,13140,"Manual",4052,"Petrol",145,60.1,1,1,0,0
"Fiesta",2017,9200,"Manual",25182,"Petrol",20,62.8,1,1,0,0
"Fiesta",2018,11460,"Manual",17076,"Petrol",145,65.7,1,1,0,0
"Fiesta",2016,7887,"Manual",24153,"Petrol",0,65.7,1,1,0,0
"Fiesta",2017,8610,"Manual",41037,"Petrol",0,65.7,1,1,0,0
"Fiesta",2016,9800,"Manual",19333,"Petrol",0,65.7,1,1,0,0
"Fiesta",2018,9998,"Manual",16567,"Petrol",145,55.4,1.1,0,1,0
"Fiesta",2017,10998,"Manual",12273,"Petrol",20,62.8,1,1,0,0
"Fiesta",2015,7999,"Manual",45837,"Petrol",125,54.3,1.2,0,0,1
"Fiesta",2018,11490,"Manual",18485,"Petrol",145,65.7,1,1,0,0
"Fiesta",2016,8450,"Manual",42450,"Petrol",125,54.3,1.2,0,0,1
"Fiesta",2018,10990,"Manual",3331,"Petrol",145,65.7,1,1,0,0
"Fiesta",2017,10270,"Manual",22295,"Petrol",145,65.7,1,1,0,0
"Fiesta",2019,14440,"Manual",9525,"Petrol",145,58.9,1,1,0,0
"Fiesta",2017,7992,"Manual",19493,"Petrol",145,54.3,1.2,0,0,1
"Fiesta",2018,9390,"Manual",20834,"Petrol",145,55.4,1.1,0,1,0
"Fiesta",2016,8880,"Manual",28595,"Petrol",0,65.7,1,1,0,0
"Fiesta",2019,13140,"Manual",3950,"Petrol",145,48.7,1.1,0,1,0
"Fiesta",2018,10020,"Manual",29874,"Petrol",145,65.7,1,1,0,0
"Fiesta",2016,8687,"Manual",11387,"Petrol",0,65.7,1,1,0,0
"Fiesta",2018,10850,"Manual",12394,"Petrol",145,65.7,1,1,0,0
"Fiesta",2017,8980,"Manual",24466,"Petrol",145,65.7,1,1,0,0
"Fiesta",2018,8750,"Manual",24545,"Petrol",145,65.7,1,1,0,0
"Fiesta",2017,10999,"Manual",10394,"Petrol",145,65.7,1,1,0,0
"Fiesta",2016,8495,"Manual",19718,"Petrol",0,65.7,1,1,0,0
"Fiesta",2016,7595,"Manual",35240,"Petrol",0,65.7,1,1,0,0
"Fiesta",2019,15500,"Manual",4032,"Petrol",145,56.5,1,1,0,0
"Fiesta",2017,10500,"Manual",6225,"Petrol",0,65.7,1,1,0,0
"Fiesta",2018,10500,"Manual",23047,"Petrol",145,65.7,1,1,0,0
"Fiesta",2018,11999,"Manual",9899,"Petrol",145,65.7,1,1,0,0
"Fiesta",2018,10999,"Manual",5732,"Petrol",145,55.4,1.1,0,1,0
"Fiesta",2019,19000,"Manual",7584,"Petrol",145,58.9,1,1,0,0
"Fiesta",2018,10350,"Manual",6460,"Petrol",145,64.2,1.1,0,1,0
"Fiesta",2018,10190,"Manual",24417,"Petrol",145,65.7,1,1,0,0
"Fiesta",2018,10497,"Manual",15968,"Petrol",145,64.2,1.1,0,1,0
"Fiesta",2018,9690,"Manual",14961,"Petrol",145,65.7,1,1,0,0
"Fiesta",2018,13690,"Manual",10223,"Petrol",145,60.1,1,1,0,0
"Fiesta",2017,7250,"Manual",33810,"Petrol",125,54.3,1.2,0,0,1
"Fiesta",2018,9697,"Manual",30611,"Petrol",145,65.7,1,1,0,0
"Fiesta",2018,11690,"Manual",11483,"Petrol",145,65.7,1,1,0,0
"Fiesta",2018,10997,"Manual",11651,"Petrol",145,65.7,1,1,0,0
"Fiesta",2017,9997,"Manual",15220,"Petrol",145,64.2,1.1,0,1,0
"Fiesta",2018,9997,"Manual",20670,"Petrol",145,65.7,1,1,0,0
"Fiesta",2018,9690,"Manual",21175,"Petrol",145,65.7,1,1,0,0
"Fiesta",2015,7497,"Manual",21747,"Petrol",125,54.3,1.2,0,0,1
"Fiesta",2018,9690,"Manual",11667,"Petrol",145,64.2,1.1,0,1,0
"Fiesta",2018,10490,"Manual",8256,"Petrol",145,65.7,1,1,0,0
"Fiesta",2018,9690,"Manual",14562,"Petrol",145,64.2,1.1,0,1,0
"Fiesta",2018,10997,"Manual",7689,"Petrol",145,64.2,1.1,0,1,0
"Fiesta",2016,8750,"Manual",16421,"Petrol",0,65.7,1,1,0,0
"Fiesta",2018,12850,"Manual",6127,"Petrol",145,62.8,1,1,0,0
"Fiesta",2017,9661,"Manual",10864,"Petrol",145,64.2,1.1,0,1,0
"Fiesta",2018,11350,"Manual",12981,"Petrol",145,65.7,1,1,0,0
"Fiesta",2018,11997,"Manual",10131,"Petrol",145,65.7,1,1,0,0
"Fiesta",2018,10497,"Manual",9615,"Petrol",145,64.2,1.1,0,1,0
"Fiesta",2017,8997,"Manual",9965,"Petrol",125,54.3,1.2,0,0,1
"Fiesta",2015,6997,"Manual",37090,"Petrol",0,65.7,1,1,0,0
"Fiesta",2017,7997,"Manual",31803,"Petrol",125,54.3,1.2,0,0,1
"Fiesta",2018,10000,"Manual",12490,"Petrol",150,64.2,1.1,0,1,0
"Fiesta",2018,11500,"Manual",36775,"Petrol",145,65.7,1,1,0,0
"Fiesta",2016,8500,"Manual",42195,"Petrol",20,62.8,1,1,0,0
"Fiesta",2017,9200,"Manual",12759,"Petrol",125,54.3,1.2,0,0,1
"Fiesta",2017,9310,"Manual",16235,"Petrol",0,65.7,1,1,0,0
"Fiesta",2015,8495,"Manual",30007,"Petrol",20,62.8,1,1,0,0
"Fiesta",2017,11298,"Manual",16364,"Petrol",0,65.7,1,1,0,0
"Fiesta",2018,12995,"Manual",12267,"Petrol",145,65.7,1,1,0,0
"Fiesta",2015,6995,"Manual",30381,"Petrol",30,54.3,1.2,0,0,1
"Fiesta",2016,9998,"Manual",27154,"Petrol",20,62.8,1,1,0,0
"Fiesta",2016,10498,"Manual",22517,"Petrol",0,65.7,1,1,0,0
"Fiesta",2018,9990,"Manual",6487,"Petrol",145,64.2,1.1,0,1,0
"Fiesta",2017,10898,"Manual",14523,"Petrol",145,62.8,1,1,0,0
"Fiesta",2017,9997,"Manual",17595,"Petrol",0,65.7,1,1,0,0
"Fiesta",2018,10000,"Manual",4352,"Petrol",145,64.2,1.1,0,1,0
"Fiesta",2017,8600,"Manual",32137,"Petrol",125,54.3,1.2,0,0,1
"Fiesta",2018,10700,"Manual",20531,"Petrol",145,65.7,1,1,0,0
"Fiesta",2017,10500,"Manual",22414,"Petrol",145,65.7,1,1,0,0
"Fiesta",2019,16000,"Manual",1702,"Petrol",145,55.4,1,1,0,0
"Fiesta",2017,9898,"Manual",28741,"Petrol",20,62.8,1,1,0,0
"Fiesta",2016,8990,"Manual",14088,"Petrol",0,65.7,1,1,0,0
"Fiesta",2016,9698,"Manual",23484,"Petrol",20,62.8,1,1,0,0
"Fiesta",2016,10000,"Manual",5501,"Petrol",125,54.3,1.2,0,0,1
"Fiesta",2017,12000,"Manual",12478,"Petrol",145,65.7,1,1,0,0
"Fiesta",2017,8798,"Manual",13761,"Petrol",125,54.3,1.2,0,0,1
"Fiesta",2017,10280,"Manual",22878,"Petrol",145,65.7,1,1,0,0
"Fiesta",2017,8991,"Manual",14615,"Petrol",150,64.2,1.1,0,1,0
"Fiesta",2016,10498,"Manual",9906,"Petrol",20,62.8,1,1,0,0
"Fiesta",2018,10298,"Manual",10578,"Petrol",150,55.4,1.1,0,1,0
"Fiesta",2015,6210,"Manual",45258,"Petrol",125,54.3,1.2,0,0,1
"Fiesta",2015,8290,"Manual",31024,"Petrol",0,65.7,1,1,0,0
"Fiesta",2017,9998,"Manual",21314,"Petrol",150,65.7,1,1,0,0
"Fiesta",2015,6490,"Manual",26822,"Petrol",125,54.3,1.2,0,0,1
"Fiesta",2016,10200,"Manual",15143,"Petrol",0,65.7,1,1,0,0
"Fiesta",2017,9690,"Manual",25644,"Petrol",0,65.7,1,1,0,0
"Fiesta",2018,11000,"Manual",33763,"Petrol",145,56.5,1,1,0,0
"Fiesta",2018,10991,"Manual",25943,"Petrol",145,65.7,1,1,0,0
"Fiesta",2015,6590,"Manual",42031,"Petrol",125,54.3,1.2,0,0,1
"Fiesta",2016,9470,"Manual",16795,"Petrol",0,65.7,1,1,0,0
"Fiesta",2017,9450,"Manual",25082,"Petrol",145,64.2,1.1,0,1,0
"Fiesta",2017,9491,"Manual",29743,"Petrol",145,65.7,1,1,0,0
"Fiesta",2018,9450,"Manual",11625,"Petrol",145,65.7,1,1,0,0
"Fiesta",2018,11250,"Manual",11410,"Petrol",145,65.7,1,1,0,0
"Fiesta",2016,6950,"Manual",29699,"Petrol",125,54.3,1.2,0,0,1
"Fiesta",2018,10250,"Manual",20761,"Petrol",145,65.7,1,1,0,0
"Fiesta",2018,9750,"Manual",15789,"Petrol",145,64.2,1.1,0,1,0
"Fiesta",2016,8650,"Manual",10581,"Petrol",0,65.7,1,1,0,0
"Fiesta",2018,10250,"Manual",9001,"Petrol",145,65.7,1,1,0,0
"Fiesta",2017,7950,"Manual",17437,"Petrol",125,54.3,1.2,0,0,1
"Fiesta",2018,11456,"Manual",2837,"Petrol",145,65.7,1,1,0,0
"Fiesta",2017,9659,"Manual",9705,"Petrol",145,64.2,1.1,0,1,0
"Fiesta",2018,10638,"Manual",13222,"Petrol",145,65.7,1,1,0,0
"Fiesta",2018,9407,"Manual",18515,"Petrol",145,64.2,1.1,0,1,0
"Fiesta",2017,7999,"Manual",19353,"Petrol",125,54.3,1.2,0,0,1
"Fiesta",2018,10708,"Manual",8949,"Petrol",145,65.7,1,1,0,0
"Fiesta",2018,10950,"Manual",12458,"Petrol",145,65.7,1,1,0,0
"Fiesta",2019,13030,"Manual",3254,"Petrol",145,48.7,1.1,0,1,0
"Fiesta",2018,11750,"Manual",6091,"Petrol",145,65.7,1,1,0,0
"Fiesta",2017,7999,"Manual",14748,"Petrol",125,54.3,1.2,0,0,1
"Fiesta",2018,9999,"Manual",4997,"Petrol",145,64.2,1.1,0,1,0
"Fiesta",2017,9660,"Manual",23448,"Petrol",0,65.7,1,1,0,0
"Fiesta",2018,11450,"Manual",16498,"Petrol",145,65.7,1,1,0,0
"Fiesta",2016,8221,"Manual",27695,"Petrol",0,65.7,1,1,0,0
"Fiesta",2016,8650,"Manual",30104,"Petrol",0,65.7,1,1,0,0
"Fiesta",2018,10495,"Manual",23444,"Petrol",145,56.5,1,1,0,0
"Fiesta",2016,9995,"Manual",18234,"Petrol",20,62.8,1,1,0,0
"Fiesta",2017,8650,"Manual",7207,"Petrol",145,54.3,1.2,0,0,1
"Fiesta",2018,11950,"Manual",15253,"Petrol",145,58.9,1,1,0,0
"Fiesta",2018,9850,"Manual",6169,"Petrol",145,64.2,1.1,0,1,0
"Fiesta",2018,9997,"Manual",17887,"Petrol",145,64.2,1.1,0,1,0
"Fiesta",2018,10597,"Manual",11224,"Petrol",145,65.7,1,1,0,0
"Fiesta",2018,10397,"Manual",7101,"Petrol",145,64.2,1.1,0,1,0
"Fiesta",2018,10897,"Manual",11148,"Petrol",145,65.7,1,1,0,0
"Fiesta",2018,9897,"Manual",13647,"Petrol",145,64.2,1.1,0,1,0
"Fiesta",2018,11197,"Manual",6939,"Petrol",145,65.7,1,1,0,0
"Fiesta",2018,9997,"Manual",18220,"Petrol",145,64.2,1.1,0,1,0
"Fiesta",2017,10625,"Manual",17045,"Petrol",145,65.7,1,1,0,0
"Fiesta",2019,13497,"Manual",2218,"Petrol",145,58.9,1,1,0,0
"Fiesta",2019,11950,"Manual",14796,"Petrol",145,56.5,1,1,0,0
"Fiesta",2018,9250,"Manual",8248,"Petrol",145,64.2,1.1,0,1,0
"Fiesta",2017,9750,"Manual",17796,"Petrol",145,65.7,1,1,0,0
"Fiesta",2018,10650,"Manual",3563,"Petrol",145,65.7,1,1,0,0
"Fiesta",2018,8950,"Manual",11602,"Petrol",145,64.2,1.1,0,1,0
"Fiesta",2018,10999,"Manual",5678,"Petrol",145,65.7,1,1,0,0
"Fiesta",2017,9591,"Manual",16965,"Petrol",150,62.8,1,1,0,0
"Fiesta",2017,10497,"Manual",20445,"Petrol",145,62.8,1,1,0,0
"Fiesta",2018,11000,"Manual",24813,"Petrol",145,56.5,1,1,0,0
"Fiesta",2019,13140,"Manual",2356,"Petrol",145,48.7,1.1,0,1,0
"Fiesta",2017,10481,"Manual",23065,"Petrol",145,65.7,1,1,0,0
"Fiesta",2018,10597,"Manual",6499,"Petrol",145,64.2,1.1,0,1,0
"Fiesta",2017,10498,"Manual",19130,"Petrol",150,65.7,1,1,0,0
"Fiesta",2018,9995,"Manual",31250,"Petrol",150,65.7,1,1,0,0
"Fiesta",2018,10498,"Manual",9578,"Petrol",150,55.4,1.1,0,1,0
"Fiesta",2016,6995,"Manual",11969,"Petrol",125,54.3,1.2,0,0,1
"Fiesta",2019,12495,"Manual",13034,"Petrol",145,58.9,1,1,0,0
"Fiesta",2015,8798,"Manual",24305,"Petrol",20,62.8,1,1,0,0
"Fiesta",2018,9000,"Manual",16639,"Petrol",145,64.2,1.1,0,1,0
"Fiesta",2016,7698,"Manual",25411,"Petrol",125,54.3,1.2,0,0,1
"Fiesta",2015,8700,"Manual",27095,"Petrol",0,65.7,1,1,0,0
"Fiesta",2017,9400,"Manual",16157,"Petrol",145,65.7,1,1,0,0
"Fiesta",2017,9990,"Manual",38081,"Petrol",145,65.7,1,1,0,0
"Fiesta",2017,10700,"Manual",26658,"Petrol",150,65.7,1,1,0,0
"Fiesta",2017,8500,"Manual",25000,"Petrol",150,64.2,1.1,0,1,0
"Fiesta",2017,8998,"Manual",10111,"Petrol",125,54.3,1.2,0,0,1
"Fiesta",2015,7998,"Manual",22767,"Petrol",0,65.7,1,1,0,0
"Fiesta",2018,13690,"Manual",10258,"Petrol",145,65.7,1,1,0,0
"Fiesta",2019,17290,"Manual",6252,"Petrol",145,60.1,1,1,0,0
"Fiesta",2017,9171,"Manual",24961,"Petrol",0,65.7,1,1,0,0
"Fiesta",2017,9500,"Manual",26081,"Petrol",145,62.8,1,1,0,0
"Fiesta",2018,14500,"Manual",6436,"Petrol",145,55.4,1,1,0,0
"Fiesta",2015,6000,"Manual",41426,"Petrol",125,54.3,1.2,0,0,1
"Fiesta",2018,14998,"Manual",19772,"Petrol",145,62.8,1,1,0,0
"Fiesta",2017,11998,"Manual",6596,"Petrol",0,65.7,1,1,0,0
"Fiesta",2017,7495,"Manual",33000,"Petrol",125,54.3,1.2,0,0,1
"Fiesta",2017,10690,"Manual",16137,"Petrol",20,62.8,1,1,0,0
"Fiesta",2017,9995,"Manual",11933,"Petrol",145,64.2,1.1,0,1,0
"Fiesta",2017,9998,"Manual",26325,"Petrol",150,65.7,1,1,0,0
"Fiesta",2017,10230,"Manual",11634,"Petrol",0,65.7,1,1,0,0
"Fiesta",2018,8491,"Manual",17878,"Petrol",145,64.2,1.1,0,1,0
"Fiesta",2017,7640,"Manual",20346,"Petrol",125,54.3,1.2,0,0,1
"Fiesta",2017,8330,"Manual",22560,"Petrol",145,54.3,1.2,0,0,1
"Fiesta",2017,9520,"Manual",20670,"Petrol",145,65.7,1,1,0,0
"Fiesta",2015,6998,"Manual",30518,"Petrol",125,54.3,1.2,0,0,1
"Fiesta",2018,11000,"Manual",24222,"Petrol",145,56.5,1,1,0,0
"Fiesta",2015,5971,"Manual",42344,"Petrol",125,54.3,1.2,0,0,1
"Fiesta",2017,7491,"Manual",30393,"Petrol",125,54.3,1.2,0,0,1
"Fiesta",2017,8000,"Manual",19501,"Petrol",150,65.7,1,1,0,0
"Fiesta",2017,7991,"Manual",32444,"Petrol",150,65.7,1,1,0,0
"Fiesta",2018,9911,"Manual",17201,"Petrol",150,65.7,1,1,0,0
"Fiesta",2018,9991,"Manual",13055,"Petrol",145,65.7,1,1,0,0
"Fiesta",2017,10498,"Manual",7712,"Petrol",0,65.7,1,1,0,0
"Fiesta",2018,10498,"Manual",14458,"Petrol",150,55.4,1.1,0,1,0
"Fiesta",2018,13491,"Manual",7552,"Petrol",145,65.7,1,1,0,0
"Fiesta",2017,9810,"Manual",5156,"Petrol",0,65.7,1,1,0,0
"Fiesta",2017,8991,"Manual",17436,"Petrol",145,65.7,1,1,0,0
"Fiesta",2018,10491,"Manual",8425,"Petrol",145,65.7,1,1,0,0
"Fiesta",2017,9691,"Manual",22654,"Petrol",145,65.7,1,1,0,0
"Fiesta",2016,8250,"Manual",18270,"Petrol",125,54.3,1.2,0,0,1
"Fiesta",2016,10498,"Manual",8801,"Petrol",20,62.8,1,1,0,0
"Fiesta",2017,7557,"Manual",13143,"Petrol",125,54.3,1.2,0,0,1
"Fiesta",2017,10991,"Manual",10995,"Petrol",150,65.7,1,1,0,0
"Fiesta",2018,8490,"Manual",29204,"Petrol",145,64.2,1.1,0,1,0
"Fiesta",2019,12090,"Manual",4762,"Petrol",145,57.7,1,1,0,0
"Fiesta",2016,9281,"Manual",43241,"Petrol",20,62.8,1,1,0,0
"Fiesta",2019,14320,"Manual",9326,"Petrol",145,58.9,1,1,0,0
"Fiesta",2015,7791,"Manual",42627,"Petrol",20,62.8,1,1,0,0
"Fiesta",2018,9640,"Manual",19038,"Petrol",145,65.7,1,1,0,0
"Fiesta",2018,11370,"Manual",14709,"Petrol",145,56.5,1,1,0,0
"Fiesta",2017,11020,"Manual",5670,"Petrol",20,62.8,1,1,0,0
"Fiesta",2017,8500,"Manual",15693,"Petrol",145,65.7,1,1,0,0
"Fiesta",2018,10995,"Manual",21475,"Petrol",145,56.5,1,1,0,0
"Fiesta",2017,7790,"Manual",6424,"Petrol",125,54.3,1.2,0,0,1
"Fiesta",2018,14990,"Manual",6488,"Petrol",145,65.7,1,1,0,0
"Fiesta",2018,8991,"Manual",13363,"Petrol",145,55.4,1.1,0,1,0
"Fiesta",2016,8491,"Manual",40513,"Petrol",20,62.8,1,1,0,0
"Fiesta",2017,8291,"Manual",37679,"Petrol",150,64.2,1.1,0,1,0
"Fiesta",2019,16300,"Manual",1854,"Petrol",145,60.1,1,1,0,0
"Fiesta",2018,12495,"Manual",12644,"Petrol",145,65.7,1,1,0,0
"Fiesta",2018,10391,"Manual",12930,"Petrol",145,65.7,1,1,0,0
"Fiesta",2019,13890,"Manual",13098,"Petrol",145,56.5,1,1,0,0
"Fiesta",2018,12810,"Manual",33144,"Petrol",145,62.8,1,1,0,0
"Fiesta",2019,13140,"Manual",2527,"Petrol",145,48.7,1.1,0,1,0
"Fiesta",2019,12990,"Manual",2910,"Petrol",145,48.7,1.1,0,1,0
"Fiesta",2018,11830,"Manual",13028,"Petrol",145,58.9,1,1,0,0
"Fiesta",2018,11771,"Manual",8110,"Petrol",145,65.7,1,1,0,0
"Fiesta",2018,11450,"Manual",6073,"Petrol",145,56.5,1,1,0,0
"Fiesta",2016,9910,"Manual",27470,"Petrol",0,65.7,1,1,0,0
"Fiesta",2017,7791,"Manual",15065,"Petrol",145,54.3,1.2,0,0,1
"Fiesta",2018,14495,"Manual",5415,"Petrol",145,65.7,1,1,0,0
"Fiesta",2015,7430,"Manual",28017,"Petrol",30,54.3,1.2,0,0,1
"Fiesta",2017,10447,"Manual",10584,"Petrol",145,62.8,1,1,0,0
"Fiesta",2017,10291,"Manual",3829,"Petrol",150,65.7,1,1,0,0
"Fiesta",2016,10540,"Manual",11566,"Petrol",20,62.8,1,1,0,0
"Fiesta",2015,7250,"Manual",17360,"Petrol",125,54.3,1.2,0,0,1
"Fiesta",2018,11000,"Manual",16863,"Petrol",145,56.5,1,1,0,0
"Fiesta",2018,11350,"Manual",1931,"Petrol",145,65.7,1,1,0,0
"Fiesta",2019,12500,"Manual",17009,"Petrol",145,60.1,1,1,0,0
"Fiesta",2019,14580,"Manual",11677,"Petrol",145,55.4,1,1,0,0
"Fiesta",2017,10451,"Manual",14186,"Petrol",145,65.7,1,1,0,0
"Fiesta",2018,12000,"Manual",30799,"Petrol",145,65.7,1,1,0,0
"Fiesta",2015,5930,"Manual",44882,"Petrol",125,54.3,1.2,0,0,1
"Fiesta",2019,11800,"Manual",17456,"Petrol",145,60.1,1,1,0,0
"Fiesta",2018,10500,"Manual",30556,"Petrol",145,65.7,1,1,0,0
"Fiesta",2015,8291,"Manual",37010,"Petrol",0,65.7,1,1,0,0
"Fiesta",2016,8499,"Manual",20000,"Petrol",0,65.7,1,1,0,0
"Fiesta",2018,10300,"Manual",35028,"Petrol",145,65.7,1,1,0,0
"Fiesta",2015,8595,"Manual",16868,"Petrol",0,65.7,1,1,0,0
"Fiesta",2017,8151,"Manual",32209,"Petrol",0,65.7,1,1,0,0
"Fiesta",2019,15411,"Manual",974,"Petrol",145,60.1,1,1,0,0
"Fiesta",2019,13800,"Manual",5626,"Petrol",145,58.9,1,1,0,0
"Fiesta",2019,11900,"Manual",16365,"Petrol",145,60.1,1,1,0,0
"Fiesta",2018,8900,"Manual",21250,"Petrol",145,64.2,1.1,0,1,0
"Fiesta",2018,10120,"Manual",42436,"Petrol",145,56.5,1,1,0,0
"Fiesta",2018,10891,"Manual",30946,"Petrol",145,56.5,1,1,0,0
"Fiesta",2017,9998,"Manual",17105,"Petrol",0,65.7,1,1,0,0
"Fiesta",2018,9498,"Manual",11048,"Petrol",145,55.4,1.1,0,1,0
"Fiesta",2015,7798,"Manual",24860,"Petrol",125,54.3,1.2,0,0,1
"Fiesta",2017,10197,"Manual",10152,"Petrol",145,62.8,1,1,0,0
"Fiesta",2018,11611,"Manual",10624,"Petrol",145,65.7,1,1,0,0
"Fiesta",2016,8510,"Manual",11339,"Petrol",0,65.7,1,1,0,0
"Fiesta",2016,7351,"Manual",30385,"Petrol",0,65.7,1,1,0,0
"Fiesta",2019,12980,"Manual",4181,"Petrol",145,48.7,1.1,0,1,0
"Fiesta",2018,11400,"Manual",9145,"Petrol",145,65.7,1,1,0,0
"Fiesta",2017,11000,"Manual",12500,"Petrol",150,65.7,1,1,0,0
"Fiesta",2018,10790,"Manual",28564,"Petrol",145,65.7,1,1,0,0
"Fiesta",2018,10490,"Manual",31593,"Petrol",145,65.7,1,1,0,0
"Fiesta",2018,11490,"Manual",30600,"Petrol",150,65.7,1,1,0,0
"Fiesta",2016,8950,"Manual",10864,"Petrol",125,54.3,1.2,0,0,1
"Fiesta",2015,7440,"Manual",19913,"Petrol",0,65.7,1,1,0,0
"Fiesta",2018,9990,"Manual",10297,"Petrol",150,64.2,1.1,0,1,0
"Fiesta",2019,14795,"Manual",8804,"Petrol",145,60.1,1,1,0,0
"Fiesta",2017,8740,"Manual",13196,"Petrol",0,65.7,1,1,0,0
"Fiesta",2016,6790,"Manual",28991,"Petrol",125,54.3,1.2,0,0,1
"Fiesta",2018,9991,"Manual",20727,"Petrol",145,58.9,1,1,0,0
"Fiesta",2018,12500,"Manual",10258,"Petrol",145,62.8,1,1,0,0
"Fiesta",2016,8999,"Manual",17870,"Petrol",20,62.8,1,1,0,0
"Fiesta",2018,10500,"Manual",7959,"Petrol",145,55.4,1.1,0,1,0
"Fiesta",2016,7999,"Manual",24486,"Petrol",0,65.7,1,1,0,0
"Fiesta",2015,7240,"Manual",21036,"Petrol",125,54.3,1.2,0,0,1
"Fiesta",2018,13299,"Manual",20543,"Petrol",145,58.9,1,1,0,0
"Fiesta",2017,8499,"Manual",15613,"Petrol",0,65.7,1,1,0,0
"Fiesta",2017,9430,"Manual",15679,"Petrol",145,65.7,1,1,0,0
"Fiesta",2018,11400,"Manual",9100,"Petrol",145,56.5,1,1,0,0
"Fiesta",2017,9530,"Manual",11112,"Petrol",145,65.7,1,1,0,0
"Fiesta",2017,7990,"Manual",47165,"Petrol",0,65.7,1,1,0,0
"Fiesta",2018,11390,"Manual",18268,"Petrol",145,65.7,1,1,0,0
"Fiesta",2016,8600,"Manual",27769,"Petrol",125,54.3,1.2,0,0,1
"Fiesta",2016,10750,"Manual",17023,"Petrol",20,62.8,1,1,0,0
"Fiesta",2018,11250,"Manual",15581,"Petrol",145,56.5,1,1,0,0
"Fiesta",2017,8400,"Manual",30000,"Petrol",125,54.3,1.2,0,0,1
"Fiesta",2017,9190,"Manual",24238,"Petrol",20,62.8,1,1,0,0
"Fiesta",2018,15000,"Manual",5912,"Petrol",150,65.7,1,1,0,0
"Fiesta",2017,10395,"Manual",17854,"Petrol",150,65.7,1,1,0,0
"Fiesta",2019,12500,"Manual",11500,"Petrol",145,58.9,1,1,0,0
"Fiesta",2018,11500,"Manual",33694,"Petrol",145,65.7,1,1,0,0
"Fiesta",2017,9770,"Manual",9766,"Petrol",145,64.2,1.1,0,1,0
"Fiesta",2018,10190,"Manual",13487,"Petrol",145,65.7,1,1,0,0
"Fiesta",2018,12250,"Manual",14401,"Petrol",150,65.7,1,1,0,0
"Fiesta",2017,9700,"Manual",16136,"Petrol",0,65.7,1,1,0,0
"Fiesta",2017,9000,"Manual",29172,"Petrol",145,54.3,1.2,0,0,1
"Fiesta",2017,11450,"Manual",2000,"Petrol",145,65.7,1,1,0,0
"Fiesta",2017,8460,"Manual",15763,"Petrol",0,65.7,1,1,0,0
"Fiesta",2018,11721,"Manual",11191,"Petrol",150,65.7,1,1,0,0
"Fiesta",2018,12495,"Manual",16257,"Petrol",145,62.8,1,1,0,0
"Fiesta",2018,12000,"Manual",8230,"Petrol",145,65.7,1,1,0,0
"Fiesta",2018,11490,"Manual",8819,"Petrol",145,65.7,1,1,0,0
"Fiesta",2018,11000,"Manual",15000,"Petrol",145,55.4,1,1,0,0
"Fiesta",2018,11000,"Manual",31692,"Petrol",145,65.7,1,1,0,0
"Fiesta",2017,8495,"Manual",33000,"Petrol",125,54.3,1.2,0,0,1
"Fiesta",2017,9000,"Manual",20682,"Petrol",150,65.7,1,1,0,0
"Fiesta",2018,12490,"Manual",11200,"Petrol",145,55.4,1.1,0,1,0
"Fiesta",2015,6600,"Manual",34986,"Petrol",0,65.7,1,1,0,0
"Fiesta",2017,11200,"Manual",23435,"Petrol",150,65.7,1,1,0,0
"Fiesta",2017,10000,"Manual",26559,"Petrol",145,65.7,1,1,0,0
"Fiesta",2017,7499,"Manual",30328,"Petrol",125,54.3,1.2,0,0,1
"Fiesta",2018,10499,"Manual",10844,"Petrol",145,64.2,1.1,0,1,0
"Fiesta",2018,11991,"Manual",20533,"Petrol",145,56.5,1,1,0,0
"Fiesta",2018,12599,"Manual",12593,"Petrol",150,56.5,1,1,0,0
"Fiesta",2017,9290,"Manual",13449,"Petrol",145,54.3,1.2,0,0,1
"Fiesta",2019,11499,"Manual",9708,"Petrol",145,58.9,1,1,0,0
"Fiesta",2017,9540,"Manual",15666,"Petrol",145,65.7,1,1,0,0
"Fiesta",2016,9995,"Manual",5900,"Petrol",0,65.7,1,1,0,0
"Fiesta",2017,7460,"Manual",12506,"Petrol",125,54.3,1.2,0,0,1
"Fiesta",2018,9990,"Manual",42910,"Petrol",145,56.5,1,1,0,0
"Fiesta",2015,7630,"Manual",18608,"Petrol",0,65.7,1,1,0,0
"Fiesta",2018,11600,"Manual",9021,"Petrol",145,56.5,1,1,0,0
"Fiesta",2018,10600,"Manual",26950,"Petrol",145,56.5,1,1,0,0
"Fiesta",2018,9700,"Manual",22160,"Petrol",145,58.9,1,1,0,0
"Fiesta",2015,9098,"Manual",20430,"Petrol",20,62.8,1,1,0,0
"Fiesta",2017,11299,"Manual",8519,"Petrol",20,62.8,1,1,0,0
"Fiesta",2018,9499,"Manual",8371,"Petrol",145,64.2,1.1,0,1,0
"Fiesta",2018,10600,"Manual",20100,"Petrol",145,56.5,1,1,0,0
"Fiesta",2018,10895,"Manual",8565,"Petrol",145,55.4,1.1,0,1,0
"Fiesta",2019,14100,"Manual",5892,"Petrol",145,58.9,1,1,0,0
"Fiesta",2018,9999,"Manual",17818,"Petrol",145,55.4,1.1,0,1,0
"Fiesta",2018,11791,"Manual",9358,"Petrol",145,65.7,1,1,0,0
"Fiesta",2017,9800,"Manual",23509,"Petrol",145,65.7,1,1,0,0
"Fiesta",2019,13500,"Manual",6,"Petrol",145,48.7,1.1,0,1,0
"Fiesta",2017,9300,"Manual",15724,"Petrol",0,65.7,1,1,0,0
"Fiesta",2016,9494,"Manual",6428,"Petrol",125,54.3,1.2,0,0,1
"Fiesta",2018,12200,"Manual",19526,"Petrol",145,62.8,1,1,0,0
"Fiesta",2016,9210,"Manual",19703,"Petrol",0,65.7,1,1,0,0
"Fiesta",2016,8498,"Manual",18245,"Petrol",125,54.3,1.2,0,0,1
"Fiesta",2018,12495,"Manual",16504,"Petrol",145,62.8,1,1,0,0
"Fiesta",2017,11498,"Manual",10415,"Petrol",20,62.8,1,1,0,0
"Fiesta",2019,13500,"Manual",6,"Petrol",145,48.7,1.1,0,1,0
"Fiesta",2015,7799,"Manual",29165,"Petrol",0,65.7,1,1,0,0
"Fiesta",2015,7495,"Manual",8800,"Petrol",125,54.3,1.2,0,0,1
"Fiesta",2018,9998,"Manual",14915,"Petrol",145,64.2,1.1,0,1,0
"Fiesta",2017,10999,"Manual",17109,"Petrol",145,65.7,1,1,0,0
"Fiesta",2018,10000,"Manual",16850,"Petrol",145,65.7,1,1,0,0
"Fiesta",2018,9990,"Manual",46240,"Petrol",145,56.5,1,1,0,0
"Fiesta",2016,10998,"Manual",8505,"Petrol",0,65.7,1,1,0,0
"Fiesta",2018,10198,"Manual",17623,"Petrol",145,64.2,1.1,0,1,0
"Fiesta",2017,9498,"Manual",16919,"Petrol",0,65.7,1,1,0,0
"Fiesta",2018,10600,"Manual",23280,"Petrol",145,56.5,1,1,0,0
"Fiesta",2016,8800,"Manual",14480,"Petrol",0,65.7,1,1,0,0
"Fiesta",2017,8400,"Manual",14710,"Petrol",125,54.3,1.2,0,0,1
"Fiesta",2017,9898,"Manual",16973,"Petrol",145,65.7,1,1,0,0
"Fiesta",2017,9200,"Manual",16136,"Petrol",0,65.7,1,1,0,0
"Fiesta",2018,10390,"Manual",30540,"Petrol",145,56.5,1,1,0,0
"Fiesta",2018,11200,"Manual",18060,"Petrol",145,56.5,1,1,0,0
"Fiesta",2018,11560,"Manual",12670,"Petrol",145,56.5,1,1,0,0
"Fiesta",2019,13998,"Manual",10292,"Petrol",145,58.9,1,1,0,0
"Fiesta",2019,15200,"Manual",11974,"Petrol",145,60.1,1,1,0,0
"Fiesta",2017,8995,"Manual",60570,"Petrol",145,62.8,1,1,0,0
"Fiesta",2017,8495,"Manual",27983,"Petrol",125,54.3,1.2,0,0,1
"Fiesta",2017,10495,"Manual",19867,"Petrol",145,62.8,1,1,0,0
"Fiesta",2017,8792,"Manual",19502,"Petrol",150,65.7,1,1,0,0
"Fiesta",2018,14295,"Manual",5993,"Petrol",145,60.1,1,1,0,0
"Fiesta",2018,13200,"Manual",5541,"Petrol",145,58.9,1,1,0,0
"Fiesta",2017,8300,"Manual",28871,"Petrol",145,64.2,1.1,0,1,0
"Fiesta",2018,11999,"Manual",19231,"Petrol",145,62.8,1,1,0,0
"Fiesta",2019,16000,"Manual",12595,"Petrol",145,55.4,1,1,0,0
"Fiesta",2017,9399,"Manual",23534,"Petrol",145,65.7,1,1,0,0
"Fiesta",2017,10999,"Manual",4662,"Petrol",145,64.2,1.1,0,1,0
"Fiesta",2017,11399,"Manual",12814,"Petrol",0,65.7,1,1,0,0
"Fiesta",2017,8999,"Manual",20589,"Petrol",125,54.3,1.2,0,0,1
"Fiesta",2018,10999,"Manual",7444,"Petrol",145,55.4,1.1,0,1,0
"Fiesta",2017,10701,"Manual",20100,"Petrol",0,65.7,1,1,0,0
"Fiesta",2019,11450,"Manual",10426,"Petrol",145,56.5,1,1,0,0
"Fiesta",2019,12790,"Manual",14181,"Petrol",145,56.5,1,1,0,0
"Fiesta",2017,10995,"Manual",1,"Petrol",145,65.7,1,1,0,0
"Fiesta",2017,9995,"Manual",30436,"Petrol",145,62.8,1,1,0,0
"Fiesta",2018,12495,"Manual",16877,"Petrol",145,62.8,1,1,0,0
"Fiesta",2017,8495,"Manual",27653,"Petrol",145,54.3,1.2,0,0,1
"Fiesta",2017,9495,"Manual",19288,"Petrol",125,54.3,1.2,0,0,1
"Fiesta",2018,11295,"Manual",7260,"Petrol",145,65.7,1,1,0,0
"Fiesta",2018,9495,"Manual",31564,"Petrol",150,64.2,1.1,0,1,0
"Fiesta",2018,11000,"Manual",18009,"Petrol",145,56.5,1,1,0,0
"Fiesta",2018,11490,"Manual",27344,"Petrol",145,55.4,1,1,0,0
"Fiesta",2018,11490,"Manual",15000,"Petrol",150,65.7,1,1,0,0
"Fiesta",2018,10000,"Manual",30815,"Petrol",145,65.7,1,1,0,0
"Fiesta",2018,10040,"Manual",14028,"Petrol",150,64.2,1.1,0,1,0
"Fiesta",2019,15950,"Manual",2085,"Petrol",145,55.4,1,1,0,0
"Fiesta",2018,11500,"Manual",28770,"Petrol",145,65.7,1,1,0,0
"Fiesta",2017,11000,"Manual",24078,"Petrol",145,65.7,1,1,0,0
"Fiesta",2017,11298,"Manual",15796,"Petrol",0,65.7,1,1,0,0
"Fiesta",2016,8800,"Manual",8399,"Petrol",0,65.7,1,1,0,0
"Fiesta",2018,10498,"Manual",7459,"Petrol",150,55.4,1.1,0,1,0
"Fiesta",2016,6298,"Manual",47327,"Petrol",125,54.3,1.2,0,0,1
"Fiesta",2017,7500,"Manual",47751,"Petrol",145,65.7,1,1,0,0
"Fiesta",2018,10799,"Manual",16400,"Petrol",145,65.7,1,1,0,0
"Fiesta",2015,8299,"Manual",28509,"Petrol",0,65.7,1,1,0,0
"Fiesta",2018,11600,"Manual",4450,"Petrol",150,65.7,1,1,0,0
"Fiesta",2015,6990,"Manual",47887,"Petrol",0,65.7,1,1,0,0
"Fiesta",2017,10999,"Manual",6805,"Petrol",0,65.7,1,1,0,0
"Fiesta",2015,6699,"Manual",27700,"Petrol",30,54.3,1.2,0,0,1
"Fiesta",2018,10995,"Manual",13609,"Petrol",145,65.7,1,1,0,0
"Fiesta",2018,9499,"Manual",17924,"Petrol",145,65.7,1,1,0,0
"Fiesta",2020,18495,"Manual",65,"Petrol",145,58.9,1,1,0,0
"Fiesta",2017,8599,"Manual",9000,"Petrol",125,54.3,1.2,0,0,1
"Fiesta",2018,11995,"Manual",10311,"Petrol",145,65.7,1,1,0,0
"Fiesta",2017,8795,"Manual",6650,"Petrol",145,64.2,1.1,0,1,0
"Fiesta",2017,10495,"Manual",13389,"Petrol",145,65.7,1,1,0,0
"Fiesta",2018,10495,"Manual",20526,"Petrol",145,65.7,1,1,0,0
"Fiesta",2018,11999,"Manual",16000,"Petrol",150,65.7,1,1,0,0
"Fiesta",2017,8995,"Manual",14264,"Petrol",0,65.7,1,1,0,0
"Fiesta",2015,8000,"Manual",29787,"Petrol",0,65.7,1,1,0,0
"Fiesta",2019,13495,"Manual",5014,"Petrol",145,58.9,1,1,0,0
"Fiesta",2017,8995,"Manual",23851,"Petrol",125,54.3,1.2,0,0,1
"Fiesta",2019,13050,"Manual",2279,"Petrol",145,48.7,1.1,0,1,0
"Fiesta",2018,10499,"Manual",9987,"Petrol",145,65.7,1,1,0,0
"Fiesta",2016,8190,"Manual",23500,"Petrol",0,65.7,1,1,0,0
"Fiesta",2017,9498,"Manual",8790,"Petrol",0,65.7,1,1,0,0
"Fiesta",2017,8995,"Manual",16571,"Petrol",125,54.3,1.2,0,0,1
"Fiesta",2017,10698,"Manual",18747,"Petrol",145,65.7,1,1,0,0
"Fiesta",2019,13020,"Manual",3652,"Petrol",145,48.7,1.1,0,1,0
"Fiesta",2018,12798,"Manual",10546,"Petrol",150,62.8,1,1,0,0
"Fiesta",2017,8998,"Manual",23192,"Petrol",0,65.7,1,1,0,0
"Fiesta",2017,9498,"Manual",16654,"Petrol",150,64.2,1.1,0,1,0
"Fiesta",2018,11200,"Manual",16482,"Petrol",145,56.5,1,1,0,0
"Fiesta",2018,11270,"Manual",27401,"Petrol",145,56.5,1,1,0,0
"Fiesta",2018,11500,"Manual",11110,"Petrol",145,56.5,1,1,0,0
"Fiesta",2015,7630,"Manual",18608,"Petrol",0,65.7,1,1,0,0
"Fiesta",2018,13321,"Manual",8701,"Petrol",145,62.8,1,1,0,0
"Fiesta",2018,14296,"Manual",16398,"Petrol",145,55.4,1,1,0,0
"Fiesta",2018,9499,"Manual",12000,"Petrol",145,65.7,1,1,0,0
"Fiesta",2016,8491,"Manual",16494,"Petrol",125,54.3,1.2,0,0,1
"Fiesta",2018,10390,"Manual",31887,"Petrol",145,56.5,1,1,0,0
"Fiesta",2017,10000,"Manual",13534,"Petrol",145,65.7,1,1,0,0
"Fiesta",2019,15500,"Manual",13422,"Petrol",145,60.1,1,1,0,0
"Fiesta",2018,12977,"Manual",6842,"Petrol",145,58.9,1,1,0,0
"Fiesta",2018,12500,"Manual",13398,"Petrol",145,62.8,1,1,0,0
"Fiesta",2019,13500,"Manual",6,"Petrol",150,48.7,1.1,0,1,0
"Fiesta",2018,10299,"Manual",6984,"Petrol",145,65.7,1,1,0,0
"Fiesta",2019,16295,"Manual",2409,"Petrol",145,58.9,1,1,0,0
"Fiesta",2016,8498,"Manual",10649,"Petrol",125,54.3,1.2,0,0,1
"Fiesta",2018,10220,"Manual",26309,"Petrol",150,65.7,1,1,0,0
"Fiesta",2015,6950,"Manual",24510,"Petrol",30,54.3,1.2,0,0,1
"Fiesta",2017,9250,"Manual",32320,"Petrol",0,65.7,1,1,0,0
"Fiesta",2015,6800,"Manual",34380,"Petrol",0,65.7,1,1,0,0
"Fiesta",2019,13500,"Manual",7608,"Petrol",145,60.1,1,1,0,0
"Fiesta",2016,8698,"Manual",20287,"Petrol",0,65.7,1,1,0,0
"Fiesta",2015,6800,"Manual",34779,"Petrol",0,65.7,1,1,0,0
"Fiesta",2017,10498,"Manual",27224,"Petrol",0,65.7,1,1,0,0
"Fiesta",2015,6800,"Manual",40160,"Petrol",125,54.3,1.2,0,0,1
"Fiesta",2019,13070,"Manual",13282,"Petrol",145,58.9,1,1,0,0
"Fiesta",2018,11000,"Manual",14186,"Petrol",145,65.7,1,1,0,0
"Fiesta",2017,13491,"Manual",7993,"Petrol",150,62.8,1,1,0,0
"Fiesta",2018,11387,"Manual",21716,"Petrol",145,65.7,1,1,0,0
"Fiesta",2017,10500,"Manual",7003,"Petrol",0,65.7,1,1,0,0
"Fiesta",2017,7770,"Manual",16105,"Petrol",125,54.3,1.2,0,0,1
"Fiesta",2015,7150,"Manual",37388,"Petrol",0,65.7,1,1,0,0
"Fiesta",2019,11640,"Manual",13246,"Petrol",145,58.9,1,1,0,0
"Fiesta",2019,13230,"Manual",6468,"Petrol",145,56.5,1,1,0,0
"Fiesta",2018,11450,"Manual",12968,"Petrol",145,56.5,1,1,0,0
"Fiesta",2017,10498,"Manual",14851,"Petrol",0,65.7,1,1,0,0
"Fiesta",2017,9487,"Manual",26700,"Petrol",145,65.7,1,1,0,0
"Fiesta",2017,11000,"Manual",9840,"Petrol",145,65.7,1,1,0,0
"Fiesta",2018,10700,"Manual",31244,"Petrol",145,65.7,1,1,0,0
"Fiesta",2018,11000,"Manual",7433,"Petrol",145,64.2,1.1,0,1,0
"Fiesta",2017,10000,"Manual",31788,"Petrol",145,65.7,1,1,0,0
"Fiesta",2018,11200,"Manual",12019,"Petrol",145,65.7,1,1,0,0
"Fiesta",2018,9400,"Manual",10584,"Petrol",145,64.2,1.1,0,1,0
"Fiesta",2018,14000,"Manual",16952,"Petrol",145,58.9,1,1,0,0
"Fiesta",2016,9500,"Manual",24256,"Petrol",0,65.7,1,1,0,0
"Fiesta",2018,10200,"Manual",7471,"Petrol",145,64.2,1.1,0,1,0
"Fiesta",2018,11900,"Manual",13374,"Petrol",145,58.9,1,1,0,0
"Fiesta",2017,7300,"Manual",27243,"Petrol",145,54.3,1.2,0,0,1
"Fiesta",2018,9900,"Manual",8255,"Petrol",145,64.2,1.1,0,1,0
"Fiesta",2018,10991,"Manual",19277,"Petrol",145,56.5,1,1,0,0
"Fiesta",2016,9495,"Manual",18103,"Petrol",20,62.8,1,1,0,0
"Fiesta",2019,11300,"Manual",7304,"Petrol",145,55.4,1.1,0,1,0
"Fiesta",2015,8400,"Manual",16083,"Petrol",0,65.7,1,1,0,0
"Fiesta",2015,7438,"Manual",19432,"Petrol",30,54.3,1.2,0,0,1
"Fiesta",2015,9000,"Manual",6589,"Petrol",0,65.7,1,1,0,0
"Fiesta",2019,14600,"Manual",8346,"Petrol",145,60.1,1,1,0,0
"Fiesta",2017,7900,"Manual",13411,"Petrol",145,54.3,1.2,0,0,1
"Fiesta",2019,12291,"Manual",2031,"Petrol",145,58.9,1,1,0,0
"Fiesta",2015,6795,"Manual",42509,"Petrol",0,65.7,1,1,0,0
"Fiesta",2017,7999,"Manual",24000,"Petrol",145,64.2,1.1,0,1,0
"Fiesta",2016,8890,"Manual",29580,"Petrol",0,65.7,1,1,0,0
"Fiesta",2017,11498,"Manual",12999,"Petrol",0,65.7,1,1,0,0
"Fiesta",2019,13000,"Manual",1687,"Petrol",150,48.7,1.1,0,1,0
"Fiesta",2018,11000,"Manual",7452,"Petrol",145,65.7,1,1,0,0
"Fiesta",2015,6950,"Manual",26850,"Petrol",125,54.3,1.2,0,0,1
"Fiesta",2017,8600,"Manual",18850,"Petrol",0,65.7,1,1,0,0
"Fiesta",2018,10295,"Manual",13475,"Petrol",145,65.7,1,1,0,0
"Fiesta",2018,10695,"Manual",9423,"Petrol",145,55.4,1.1,0,1,0
"Fiesta",2018,12699,"Manual",6694,"Petrol",145,62.8,1,1,0,0
"Fiesta",2017,8290,"Manual",29274,"Petrol",0,65.7,1,1,0,0
"Fiesta",2015,8299,"Manual",25935,"Petrol",0,65.7,1,1,0,0
"Fiesta",2018,14799,"Manual",6300,"Petrol",145,55.4,1,1,0,0
"Fiesta",2018,10999,"Manual",21236,"Petrol",145,62.8,1,1,0,0
"Fiesta",2016,7699,"Manual",55092,"Petrol",0,65.7,1,1,0,0
"Fiesta",2017,9967,"Manual",13117,"Petrol",20,62.8,1,1,0,0
"Fiesta",2017,9999,"Manual",40341,"Petrol",145,62.8,1,1,0,0
"Fiesta",2018,10892,"Manual",14548,"Petrol",145,65.7,1,1,0,0
"Fiesta",2015,7999,"Manual",21696,"Petrol",0,65.7,1,1,0,0
"Fiesta",2017,8999,"Manual",23870,"Petrol",145,64.2,1.1,0,1,0
"Fiesta",2018,10773,"Manual",3997,"Petrol",145,65.7,1,1,0,0
"Fiesta",2018,10390,"Manual",23345,"Petrol",145,62.8,1,1,0,0
"Fiesta",2017,8999,"Manual",11754,"Petrol",145,54.3,1.2,0,0,1
"Fiesta",2018,11139,"Manual",16742,"Petrol",145,65.7,1,1,0,0
"Fiesta",2018,12429,"Manual",8508,"Petrol",145,62.8,1,1,0,0
"Fiesta",2017,9429,"Manual",24024,"Petrol",145,65.7,1,1,0,0
"Fiesta",2018,11690,"Manual",11450,"Petrol",145,62.8,1,1,0,0
"Fiesta",2017,10445,"Manual",10000,"Petrol",145,65.7,1,1,0,0
"Fiesta",2018,11091,"Manual",17474,"Petrol",145,65.7,1,1,0,0
"Fiesta",2017,8999,"Manual",10000,"Petrol",145,54.3,1.2,0,0,1
"Fiesta",2017,10739,"Manual",16670,"Petrol",145,62.8,1,1,0,0
"Fiesta",2017,8591,"Manual",19295,"Petrol",145,64.2,1.1,0,1,0
"Fiesta",2018,11399,"Manual",11740,"Petrol",145,65.7,1,1,0,0
"Fiesta",2018,9523,"Manual",20827,"Petrol",145,64.2,1.1,0,1,0
"Fiesta",2017,10500,"Manual",15296,"Petrol",0,65.7,1,1,0,0
"Fiesta",2018,11000,"Manual",29954,"Petrol",150,62.8,1,1,0,0
"Fiesta",2017,11299,"Manual",22224,"Petrol",145,62.8,1,1,0,0
"Fiesta",2017,7600,"Manual",14630,"Petrol",145,54.3,1.2,0,0,1
"Fiesta",2015,7000,"Manual",37650,"Petrol",0,65.7,1,1,0,0
"Fiesta",2018,10995,"Manual",11990,"Petrol",145,58.9,1,1,0,0
"Fiesta",2018,13084,"Manual",5681,"Petrol",145,65.7,1,1,0,0
"Fiesta",2019,11995,"Manual",11882,"Petrol",145,58.9,1,1,0,0
"Fiesta",2017,9495,"Manual",10386,"Petrol",145,65.7,1,1,0,0
"Fiesta",2016,9480,"Manual",26435,"Petrol",0,65.7,1,1,0,0
"Fiesta",2018,10595,"Manual",20106,"Petrol",145,65.7,1,1,0,0
"Fiesta",2018,11250,"Manual",22175,"Petrol",145,56.5,1,1,0,0
"Fiesta",2019,11840,"Manual",7259,"Petrol",145,58.9,1,1,0,0
"Fiesta",2017,10230,"Manual",28158,"Petrol",20,62.8,1,1,0,0
"Fiesta",2018,13995,"Manual",6961,"Petrol",145,65.7,1,1,0,0
"Fiesta",2019,14995,"Manual",15,"Petrol",145,58.9,1,1,0,0
"Fiesta",2016,7997,"Manual",21000,"Petrol",125,54.3,1.2,0,0,1
"Fiesta",2016,8397,"Manual",29500,"Petrol",0,65.7,1,1,0,0
"Fiesta",2018,14920,"Manual",5373,"Petrol",145,58.9,1,1,0,0
"Fiesta",2017,7969,"Manual",4750,"Petrol",125,54.3,1.2,0,0,1
"Fiesta",2018,10390,"Manual",5402,"Petrol",150,64.2,1.1,0,1,0
"Fiesta",2017,10510,"Manual",11961,"Petrol",20,62.8,1,1,0,0
"Fiesta",2019,15290,"Manual",7144,"Petrol",150,58.9,1,1,0,0
"Fiesta",2018,9790,"Manual",13170,"Petrol",150,65.7,1,1,0,0
"Fiesta",2018,8990,"Manual",9616,"Petrol",145,64.2,1.1,0,1,0
"Fiesta",2018,10990,"Manual",24674,"Petrol",145,65.7,1,1,0,0
"Fiesta",2019,11690,"Manual",13,"Petrol",150,58.9,1,1,0,0
"Fiesta",2018,12000,"Manual",7760,"Petrol",145,65.7,1,1,0,0
"Fiesta",2018,11690,"Manual",8156,"Petrol",145,65.7,1,1,0,0
"Fiesta",2017,12000,"Manual",18605,"Petrol",145,65.7,1,1,0,0
"Fiesta",2018,11500,"Manual",2729,"Petrol",145,58.9,1,1,0,0
"Fiesta",2018,10500,"Manual",8363,"Petrol",145,58.9,1,1,0,0
"Fiesta",2018,11695,"Manual",12874,"Petrol",150,65.7,1,1,0,0
"Fiesta",2017,10200,"Manual",23403,"Petrol",145,65.7,1,1,0,0
"Fiesta",2018,8990,"Manual",15141,"Petrol",150,64.2,1.1,0,1,0
"Fiesta",2017,10795,"Manual",13000,"Petrol",145,65.7,1,1,0,0
"Fiesta",2018,12700,"Manual",14380,"Petrol",145,65.7,1,1,0,0
"Fiesta",2019,18000,"Manual",1793,"Petrol",145,55.4,1,1,0,0
"Fiesta",2019,15000,"Manual",9988,"Petrol",145,58.9,1,1,0,0
"Fiesta",2019,14000,"Manual",1559,"Petrol",145,48.7,1.1,0,1,0
"Fiesta",2017,9799,"Manual",23337,"Petrol",0,65.7,1,1,0,0
"Fiesta",2017,9200,"Manual",7391,"Petrol",0,65.7,1,1,0,0
"Fiesta",2016,7795,"Manual",46891,"Petrol",0,65.7,1,1,0,0
"Fiesta",2018,10500,"Manual",15675,"Petrol",145,65.7,1,1,0,0
"Fiesta",2019,14995,"Manual",51,"Petrol",145,58.9,1,1,0,0
"Fiesta",2017,8795,"Manual",25456,"Petrol",145,65.7,1,1,0,0
"Fiesta",2018,11000,"Manual",7485,"Petrol",145,65.7,1,1,0,0
"Fiesta",2018,11018,"Manual",34938,"Petrol",145,65.7,1,1,0,0
"Fiesta",2018,10600,"Manual",21760,"Petrol",145,65.7,1,1,0,0
"Fiesta",2015,6999,"Manual",60063,"Petrol",20,62.8,1,1,0,0
"Fiesta",2019,14995,"Manual",12,"Petrol",145,55.4,1,1,0,0
"Fiesta",2017,9500,"Manual",22234,"Petrol",145,65.7,1,1,0,0
"Fiesta",2017,9277,"Manual",28294,"Petrol",145,65.7,1,1,0,0
"Fiesta",2018,9600,"Manual",11038,"Petrol",150,64.2,1.1,0,1,0
"Fiesta",2017,9700,"Manual",20885,"Petrol",150,54.3,1.2,0,0,1
"Fiesta",2018,10500,"Manual",13336,"Petrol",150,65.7,1,1,0,0
"Fiesta",2018,11000,"Manual",5763,"Petrol",145,55.4,1.1,0,1,0
"Fiesta",2018,10000,"Manual",34553,"Petrol",145,65.7,1,1,0,0
"Fiesta",2017,11750,"Manual",7564,"Petrol",150,65.7,1,1,0,0
"Fiesta",2018,10500,"Manual",21637,"Petrol",150,65.7,1,1,0,0
"Fiesta",2018,9600,"Manual",15400,"Petrol",145,64.2,1.1,0,1,0
"Fiesta",2018,11200,"Manual",17971,"Petrol",145,58.9,1,1,0,0
"Fiesta",2016,7300,"Manual",62206,"Petrol",0,65.7,1,1,0,0
"Fiesta",2018,10000,"Manual",18522,"Petrol",145,64.2,1.1,0,1,0
"Fiesta",2018,10600,"Manual",32868,"Petrol",145,65.7,1,1,0,0
"Fiesta",2016,9500,"Manual",28530,"Petrol",20,62.8,1,1,0,0
"Fiesta",2019,17500,"Manual",3341,"Petrol",145,60.1,1,1,0,0
"Fiesta",2015,7499,"Manual",33034,"Petrol",0,65.7,1,1,0,0
"Fiesta",2016,9995,"Manual",5804,"Petrol",0,65.7,1,1,0,0
"Fiesta",2018,12500,"Manual",4507,"Petrol",145,65.7,1,1,0,0
"Fiesta",2018,14295,"Manual",13880,"Petrol",145,55.4,1,1,0,0
"Fiesta",2019,15699,"Manual",6000,"Petrol",145,58.9,1,1,0,0
"Fiesta",2018,12495,"Manual",17672,"Petrol",145,65.7,1,1,0,0
"Fiesta",2017,10295,"Manual",25061,"Petrol",145,65.7,1,1,0,0
"Fiesta",2018,10795,"Manual",13535,"Petrol",145,65.7,1,1,0,0
"Fiesta",2019,13900,"Manual",11805,"Petrol",150,55.4,1,1,0,0
"Fiesta",2019,12000,"Manual",12201,"Petrol",150,56.5,1,1,0,0
"Fiesta",2019,10295,"Manual",16457,"Petrol",145,55.4,1.1,0,1,0
"Fiesta",2019,14995,"Manual",9139,"Petrol",145,58.9,1,1,0,0
"Fiesta",2017,12995,"Manual",12499,"Petrol",145,64.2,1.1,0,1,0
"Fiesta",2015,7200,"Manual",31691,"Petrol",0,65.7,1,1,0,0
"Fiesta",2019,16995,"Manual",1958,"Petrol",145,55.4,1,1,0,0
"Fiesta",2019,14500,"Manual",10603,"Petrol",150,55.4,1,1,0,0
"Fiesta",2018,10795,"Manual",18086,"Petrol",145,65.7,1,1,0,0
"Fiesta",2017,10500,"Manual",21002,"Petrol",0,65.7,1,1,0,0
"Fiesta",2015,8295,"Manual",12647,"Petrol",0,65.7,1,1,0,0
"Fiesta",2018,10900,"Manual",17637,"Petrol",145,64.2,1.1,0,1,0
"Fiesta",2018,11500,"Manual",32023,"Petrol",145,65.7,1,1,0,0
"Fiesta",2018,11900,"Manual",26873,"Petrol",145,65.7,1,1,0,0
"Fiesta",2018,10600,"Manual",27401,"Petrol",150,56.5,1,1,0,0
"Fiesta",2015,7250,"Manual",36620,"Petrol",0,65.7,1,1,0,0
"Fiesta",2015,7100,"Manual",22980,"Petrol",0,65.7,1,1,0,0
"Fiesta",2017,9700,"Manual",23830,"Petrol",145,65.7,1,1,0,0
"Fiesta",2018,10160,"Manual",9440,"Petrol",145,65.7,1,1,0,0
"Fiesta",2015,8130,"Manual",30610,"Petrol",0,65.7,1,1,0,0
"Fiesta",2018,9700,"Manual",25460,"Petrol",145,58.9,1,1,0,0
"Fiesta",2018,10100,"Manual",26830,"Petrol",145,65.7,1,1,0,0
"Fiesta",2016,7300,"Manual",15700,"Petrol",125,54.3,1.2,0,0,1
"Fiesta",2016,6630,"Manual",58740,"Petrol",0,65.7,1,1,0,0
"Fiesta",2018,10600,"Manual",20830,"Petrol",145,56.5,1,1,0,0
"Fiesta",2018,11500,"Manual",11680,"Petrol",145,56.5,1,1,0,0
"Fiesta",2017,8730,"Manual",18041,"Petrol",145,54.3,1.2,0,0,1
"Fiesta",2019,14995,"Manual",15,"Petrol",150,58.9,1,1,0,0
"Fiesta",2018,10995,"Manual",9000,"Petrol",145,65.7,1,1,0,0
"Fiesta",2017,8995,"Manual",32000,"Petrol",145,65.7,1,1,0,0
"Fiesta",2017,9995,"Manual",24750,"Petrol",145,65.7,1,1,0,0
"Fiesta",2018,10995,"Manual",13659,"Petrol",150,65.7,1,1,0,0
"Fiesta",2015,6895,"Manual",42433,"Petrol",30,54.3,1.2,0,0,1
"Fiesta",2016,9750,"Manual",16804,"Petrol",0,65.7,1,1,0,0
"Fiesta",2018,11500,"Manual",12930,"Petrol",145,56.5,1,1,0,0
"Fiesta",2017,7400,"Manual",24000,"Petrol",145,54.3,1.2,0,0,1
"Fiesta",2016,8250,"Manual",25300,"Petrol",0,65.7,1,1,0,0
"Fiesta",2017,8295,"Manual",35119,"Petrol",0,65.7,1,1,0,0
"Fiesta",2016,8225,"Manual",28850,"Petrol",0,65.7,1,1,0,0
"Fiesta",2017,10650,"Manual",18556,"Petrol",145,65.7,1,1,0,0
"Fiesta",2016,10900,"Manual",4110,"Petrol",0,65.7,1,1,0,0
"Fiesta",2018,12900,"Manual",14806,"Petrol",145,62.8,1,1,0,0
"Fiesta",2017,10291,"Manual",22437,"Petrol",0,65.7,1,1,0,0
"Fiesta",2017,11000,"Manual",14321,"Petrol",0,65.7,1,1,0,0
"Fiesta",2015,8600,"Manual",16682,"Petrol",0,65.7,1,1,0,0
"Fiesta",2017,10848,"Manual",15000,"Petrol",145,65.7,1,1,0,0
"Fiesta",2018,10800,"Manual",21287,"Petrol",145,65.7,1,1,0,0
"Fiesta",2019,15200,"Manual",6603,"Petrol",150,58.9,1,1,0,0
"Fiesta",2016,10500,"Manual",10871,"Petrol",20,62.8,1,1,0,0
"Fiesta",2017,9500,"Manual",17373,"Petrol",0,65.7,1,1,0,0
"Fiesta",2017,8000,"Manual",19841,"Petrol",145,65.7,1,1,0,0
"Fiesta",2016,8500,"Manual",25100,"Petrol",0,65.7,1,1,0,0
"Fiesta",2016,6970,"Manual",44900,"Petrol",0,65.7,1,1,0,0
"Fiesta",2018,13000,"Manual",9250,"Petrol",150,62.8,1,1,0,0
"Fiesta",2018,10860,"Manual",10510,"Petrol",150,65.7,1,1,0,0
"Fiesta",2017,11000,"Manual",6907,"Petrol",145,65.7,1,1,0,0
"Fiesta",2017,10990,"Manual",14500,"Petrol",20,62.8,1,1,0,0
"Fiesta",2018,10150,"Manual",15223,"Petrol",145,65.7,1,1,0,0
"Fiesta",2017,10500,"Manual",28099,"Petrol",150,65.7,1,1,0,0
"Fiesta",2017,10000,"Manual",10633,"Petrol",150,65.7,1,1,0,0
"Fiesta",2017,11000,"Manual",23160,"Petrol",145,62.8,1,1,0,0
"Fiesta",2018,11000,"Manual",12000,"Petrol",145,65.7,1,1,0,0
"Fiesta",2019,13250,"Manual",14165,"Petrol",145,65.7,1,1,0,0
"Fiesta",2018,11850,"Manual",9948,"Petrol",145,65.7,1,1,0,0
"Fiesta",2017,9295,"Manual",16182,"Petrol",0,65.7,1,1,0,0
"Fiesta",2016,9180,"Manual",22762,"Petrol",0,65.7,1,1,0,0
"Fiesta",2017,9250,"Manual",21299,"Petrol",145,65.7,1,1,0,0
"Fiesta",2017,9000,"Manual",23804,"Petrol",145,65.7,1,1,0,0
"Fiesta",2015,7250,"Manual",32782,"Petrol",0,65.7,1,1,0,0
"Fiesta",2017,9900,"Manual",10385,"Petrol",0,65.7,1,1,0,0
"Fiesta",2017,9495,"Manual",15354,"Petrol",145,65.7,1,1,0,0
"Fiesta",2018,10500,"Manual",27822,"Petrol",145,65.7,1,1,0,0
"Fiesta",2016,7000,"Manual",58500,"Petrol",125,54.3,1.2,0,0,1
"Fiesta",2019,13000,"Manual",8307,"Petrol",145,58.9,1,1,0,0
"Fiesta",2020,19995,"Manual",1732,"Petrol",145,55.4,1,1,0,0
"Fiesta",2018,10475,"Manual",14100,"Petrol",150,65.7,1,1,0,0
"Fiesta",2019,11975,"Manual",6752,"Petrol",145,55.4,1.1,0,1,0
"Fiesta",2017,10995,"Manual",21473,"Petrol",145,65.7,1,1,0,0
"Fiesta",2018,9860,"Manual",31789,"Petrol",150,65.7,1,1,0,0
"Fiesta",2016,8600,"Manual",15504,"Petrol",0,65.7,1,1,0,0
"Fiesta",2018,11995,"Manual",25257,"Petrol",145,65.7,1,1,0,0
"Fiesta",2018,9627,"Manual",25940,"Petrol",150,56.5,1,1,0,0
"Fiesta",2018,13475,"Manual",6405,"Petrol",145,61.4,1,1,0,0
"Fiesta",2019,15695,"Manual",5903,"Petrol",150,55.4,1,1,0,0
"Fiesta",2016,7000,"Manual",42300,"Petrol",0,65.7,1,1,0,0
"Fiesta",2018,12375,"Manual",10573,"Petrol",150,65.7,1,1,0,0
"Fiesta",2018,12795,"Manual",8575,"Petrol",145,56.5,1,1,0,0
"Fiesta",2018,12995,"Manual",16053,"Petrol",145,49.6,1,1,0,0
"Fiesta",2018,11695,"Manual",14087,"Petrol",145,65.7,1,1,0,0
"Fiesta",2019,12495,"Manual",13576,"Petrol",145,58.9,1,1,0,0
"Fiesta",2018,10595,"Manual",20590,"Petrol",150,65.7,1,1,0,0
"Fiesta",2018,13795,"Manual",4430,"Petrol",145,62.8,1,1,0,0
"Fiesta",2015,8495,"Manual",12734,"Petrol",125,54.3,1.2,0,0,1
"Fiesta",2017,9995,"Manual",30324,"Petrol",145,65.7,1,1,0,0
"Fiesta",2018,9150,"Manual",21512,"Petrol",150,65.7,1,1,0,0
"Fiesta",2017,8295,"Manual",14200,"Petrol",145,54.3,1.2,0,0,1
"Fiesta",2019,11995,"Manual",3239,"Petrol",145,60.1,1,1,0,0
"Fiesta",2018,10495,"Manual",21092,"Petrol",150,58.9,1,1,0,0
"Fiesta",2016,6499,"Manual",41149,"Petrol",125,54.3,1.2,0,0,1
"Fiesta",2019,16299,"Manual",2278,"Petrol",150,60.1,1,1,0,0
"Fiesta",2017,7895,"Manual",10300,"Petrol",150,54.3,1.2,0,0,1
"Fiesta",2018,11795,"Manual",10872,"Petrol",150,65.7,1,1,0,0
"Fiesta",2018,12495,"Manual",13097,"Petrol",145,56.5,1,1,0,0
"Fiesta",2016,9199,"Manual",31021,"Petrol",0,65.7,1,1,0,0
"Fiesta",2018,11180,"Manual",17373,"Petrol",145,56.5,1,1,0,0
"Fiesta",2017,7299,"Manual",45688,"Petrol",0,65.7,1,1,0,0
"Fiesta",2018,10795,"Manual",19901,"Petrol",150,65.7,1,1,0,0
"Fiesta",2017,9491,"Manual",19447,"Petrol",145,65.7,1,1,0,0
"Fiesta",2018,11885,"Manual",11542,"Petrol",145,56.5,1,1,0,0
"Fiesta",2018,12995,"Manual",14806,"Petrol",150,62.8,1,1,0,0
"Fiesta",2018,10795,"Manual",13597,"Petrol",145,55.4,1.1,0,1,0
"Fiesta",2017,8150,"Manual",15987,"Petrol",145,54.3,1.2,0,0,1
"Fiesta",2017,10160,"Manual",8525,"Petrol",0,65.7,1,1,0,0
"Fiesta",2017,11350,"Manual",3833,"Petrol",150,65.7,1,1,0,0
"Fiesta",2018,10700,"Manual",14126,"Petrol",145,65.7,1,1,0,0
"Fiesta",2015,8560,"Manual",14293,"Petrol",0,65.7,1,1,0,0
"Fiesta",2020,15491,"Manual",251,"Petrol",145,51.4,1,1,0,0
"Fiesta",2018,10699,"Manual",32895,"Petrol",150,65.7,1,1,0,0
"Fiesta",2017,11470,"Manual",15600,"Petrol",145,65.7,1,1,0,0
"Fiesta",2016,6495,"Manual",47800,"Petrol",0,65.7,1,1,0,0
"Fiesta",2018,10300,"Manual",21452,"Petrol",145,65.7,1,1,0,0
"Fiesta",2019,13140,"Manual",4344,"Petrol",145,48.7,1.1,0,1,0
"Fiesta",2019,14080,"Manual",11317,"Petrol",145,60.1,1,1,0,0
"Fiesta",2019,15490,"Manual",10100,"Petrol",150,55.4,1,1,0,0
"Fiesta",2019,12975,"Manual",5500,"Petrol",150,58.9,1,1,0,0
"Fiesta",2018,9290,"Manual",5755,"Petrol",150,64.2,1.1,0,1,0
"Fiesta",2018,10450,"Manual",17038,"Petrol",145,65.7,1,1,0,0
"Fiesta",2017,9280,"Manual",28000,"Petrol",145,62.8,1,1,0,0
"Fiesta",2017,11211,"Manual",10307,"Petrol",0,65.7,1,1,0,0
"Fiesta",2019,13210,"Manual",11078,"Petrol",145,55.4,1,1,0,0
"Fiesta",2015,6125,"Manual",55363,"Petrol",30,54.3,1.2,0,0,1
"Fiesta",2018,10999,"Manual",8968,"Petrol",145,55.4,1.1,0,1,0
"Fiesta",2017,10991,"Manual",16022,"Petrol",145,65.7,1,1,0,0
"Fiesta",2018,10510,"Manual",12070,"Petrol",145,65.7,1,1,0,0
"Fiesta",2017,9179,"Manual",38807,"Petrol",145,65.7,1,1,0,0
"Fiesta",2018,11000,"Manual",22845,"Petrol",145,56.5,1,1,0,0
"Fiesta",2017,10050,"Manual",14773,"Petrol",0,65.7,1,1,0,0
"Fiesta",2016,8211,"Manual",36332,"Petrol",0,65.7,1,1,0,0
"Fiesta",2017,10491,"Manual",8679,"Petrol",145,65.7,1,1,0,0
"Fiesta",2018,12500,"Manual",4583,"Petrol",150,65.7,1,1,0,0
"Fiesta",2017,9279,"Manual",14576,"Petrol",145,65.7,1,1,0,0
"Fiesta",2018,13970,"Manual",9141,"Petrol",145,62.8,1,1,0,0
"Fiesta",2018,13000,"Manual",11887,"Petrol",145,58.9,1,1,0,0
"Fiesta",2018,12000,"Manual",10097,"Petrol",145,65.7,1,1,0,0
"Fiesta",2019,16500,"Manual",4578,"Petrol",145,58.9,1,1,0,0
"Fiesta",2018,10495,"Manual",10964,"Petrol",145,65.7,1,1,0,0
"Fiesta",2018,9500,"Manual",14562,"Petrol",145,55.4,1.1,0,1,0
"Fiesta",2018,12000,"Manual",9553,"Petrol",145,65.7,1,1,0,0
"Fiesta",2018,13100,"Manual",3874,"Petrol",145,65.7,1,1,0,0
"Fiesta",2018,10500,"Manual",10995,"Petrol",145,65.7,1,1,0,0
"Fiesta",2016,9500,"Manual",18735,"Petrol",20,62.8,1,1,0,0
"Fiesta",2018,11000,"Manual",7724,"Petrol",145,65.7,1,1,0,0
"Fiesta",2016,9775,"Manual",34296,"Petrol",0,65.7,1,1,0,0
"Fiesta",2017,9995,"Manual",2146,"Petrol",125,54.3,1.2,0,0,1
"Fiesta",2017,9799,"Manual",14794,"Petrol",0,65.7,1,1,0,0
"Fiesta",2017,9999,"Manual",14303,"Petrol",145,64.2,1.1,0,1,0
"Fiesta",2018,14995,"Manual",9000,"Petrol",145,58.9,1,1,0,0
"Fiesta",2017,9499,"Manual",14607,"Petrol",145,65.7,1,1,0,0
"Fiesta",2019,15299,"Manual",5303,"Petrol",145,58.9,1,1,0,0
"Fiesta",2018,13599,"Manual",6792,"Petrol",145,65.7,1,1,0,0
"Fiesta",2019,15499,"Manual",7852,"Petrol",145,60.1,1,1,0,0
"Fiesta",2018,11299,"Manual",27567,"Petrol",145,65.7,1,1,0,0
"Fiesta",2018,10999,"Manual",18571,"Petrol",145,65.7,1,1,0,0
"Fiesta",2018,11699,"Manual",21581,"Petrol",145,62.8,1,1,0,0
"Fiesta",2019,15599,"Manual",8001,"Petrol",145,60.1,1,1,0,0
"Fiesta",2019,14799,"Manual",9817,"Petrol",145,60.1,1,1,0,0
"Fiesta",2019,14960,"Manual",3599,"Petrol",145,60.1,1,1,0,0
"Fiesta",2019,12799,"Manual",6795,"Petrol",145,56.5,1,1,0,0
"Fiesta",2019,14999,"Manual",11576,"Petrol",145,58.9,1,1,0,0
"Fiesta",2018,9799,"Manual",9907,"Petrol",145,55.4,1.1,0,1,0
"Fiesta",2018,11500,"Manual",7790,"Petrol",145,65.7,1,1,0,0
"Fiesta",2016,10500,"Manual",16640,"Petrol",0,65.7,1,1,0,0
"Fiesta",2017,9799,"Manual",21603,"Petrol",145,65.7,1,1,0,0
"Fiesta",2018,15000,"Manual",15026,"Petrol",145,55.4,1,1,0,0
"Fiesta",2019,12000,"Manual",50,"Petrol",145,58.9,1,1,0,0
"Fiesta",2017,8499,"Manual",30940,"Petrol",125,54.3,1.2,0,0,1
"Fiesta",2017,10499,"Manual",8218,"Petrol",0,65.7,1,1,0,0
"Fiesta",2018,15000,"Manual",9760,"Petrol",150,62.8,1,1,0,0
"Fiesta",2016,9995,"Manual",13893,"Petrol",0,65.7,1,1,0,0
"Fiesta",2016,8974,"Manual",33000,"Petrol",0,65.7,1,1,0,0
"Fiesta",2018,10499,"Manual",34886,"Petrol",145,65.7,1,1,0,0
"Fiesta",2018,10800,"Manual",6866,"Petrol",145,58.9,1,1,0,0
"Fiesta",2017,10997,"Manual",12000,"Petrol",145,65.7,1,1,0,0
"Fiesta",2019,12980,"Manual",15274,"Petrol",145,60.1,1,1,0,0
"Fiesta",2018,9799,"Manual",30701,"Petrol",145,65.7,1,1,0,0
"Fiesta",2019,15599,"Manual",6123,"Petrol",145,58.9,1,1,0,0
"Fiesta",2018,11500,"Manual",9487,"Petrol",150,65.7,1,1,0,0
"Fiesta",2017,8899,"Manual",18207,"Petrol",125,54.3,1.2,0,0,1
"Fiesta",2019,15699,"Manual",7331,"Petrol",145,60.1,1,1,0,0
"Fiesta",2017,9899,"Manual",24270,"Petrol",145,65.7,1,1,0,0
"Fiesta",2019,15299,"Manual",6164,"Petrol",145,58.9,1,1,0,0
"Fiesta",2018,10699,"Manual",16901,"Petrol",145,65.7,1,1,0,0
"Fiesta",2020,15299,"Manual",895,"Petrol",145,58.9,1,1,0,0
"Fiesta",2017,9399,"Manual",13148,"Petrol",0,65.7,1,1,0,0
"Fiesta",2018,12299,"Manual",12485,"Petrol",145,56.5,1,1,0,0
"Fiesta",2017,8799,"Manual",15393,"Petrol",125,54.3,1.2,0,0,1
"Fiesta",2019,12399,"Manual",10241,"Petrol",145,56.5,1,1,0,0
"Fiesta",2018,10599,"Manual",8890,"Petrol",145,65.7,1,1,0,0
"Fiesta",2018,9699,"Manual",37700,"Petrol",145,65.7,1,1,0,0
"Fiesta",2019,15399,"Manual",7957,"Petrol",145,55.4,1,1,0,0
"Fiesta",2019,12899,"Manual",7949,"Petrol",145,56.5,1,1,0,0
"Fiesta",2019,15499,"Manual",7175,"Petrol",145,55.4,1,1,0,0
"Fiesta",2016,10199,"Manual",17810,"Petrol",20,62.8,1,1,0,0
"Fiesta",2017,8495,"Manual",15000,"Petrol",150,54.3,1.2,0,0,1
"Fiesta",2017,10500,"Manual",12440,"Petrol",145,65.7,1,1,0,0
"Fiesta",2017,10299,"Manual",10709,"Petrol",145,64.2,1.1,0,1,0
"Fiesta",2017,9799,"Manual",9857,"Petrol",125,54.3,1.2,0,0,1
"Fiesta",2018,9500,"Manual",31119,"Petrol",145,65.7,1,1,0,0
"Fiesta",2017,10499,"Manual",12190,"Petrol",145,65.7,1,1,0,0
"Fiesta",2016,8699,"Manual",18841,"Petrol",0,65.7,1,1,0,0
"Fiesta",2016,8820,"Manual",25590,"Petrol",0,65.7,1,1,0,0
"Fiesta",2018,12495,"Manual",15500,"Petrol",150,58.9,1,1,0,0
"Fiesta",2018,13699,"Manual",13000,"Petrol",145,55.4,1,1,0,0
"Fiesta",2019,12499,"Manual",17115,"Petrol",145,58.9,1,1,0,0
"Fiesta",2019,14399,"Manual",6051,"Petrol",145,58.9,1,1,0,0
"Fiesta",2019,15499,"Manual",3370,"Petrol",145,60.1,1,1,0,0
"Fiesta",2018,10999,"Manual",20498,"Petrol",145,56.5,1,1,0,0
"Fiesta",2019,15500,"Manual",4918,"Petrol",145,58.9,1,1,0,0
"Fiesta",2019,13499,"Manual",9855,"Petrol",145,56.5,1,1,0,0
"Fiesta",2018,10799,"Manual",34312,"Petrol",145,65.7,1,1,0,0
"Fiesta",2018,10599,"Manual",7363,"Petrol",145,55.4,1.1,0,1,0
"Fiesta",2019,12999,"Manual",15263,"Petrol",145,55.4,1,1,0,0
"Fiesta",2017,11499,"Manual",12485,"Petrol",0,65.7,1,1,0,0
"Fiesta",2019,12699,"Manual",10735,"Petrol",145,58.9,1,1,0,0
"Fiesta",2019,13800,"Manual",10521,"Petrol",145,55.4,1,1,0,0
"Fiesta",2017,8990,"Manual",26262,"Petrol",0,65.7,1,1,0,0
"Fiesta",2018,11994,"Manual",33651,"Petrol",145,65.7,1,1,0,0
"Fiesta",2017,8700,"Manual",7657,"Petrol",0,65.7,1,1,0,0
"Fiesta",2017,10095,"Manual",19469,"Petrol",145,65.7,1,1,0,0
"Fiesta",2019,13199,"Manual",1659,"Petrol",145,48.7,1.1,0,1,0
"Fiesta",2018,10699,"Manual",25139,"Petrol",145,56.5,1,1,0,0
"Fiesta",2018,11490,"Manual",23884,"Petrol",145,65.7,1,1,0,0
"Fiesta",2019,13800,"Manual",11425,"Petrol",145,55.4,1,1,0,0
"Fiesta",2018,10590,"Manual",7100,"Petrol",145,65.7,1,1,0,0
"Fiesta",2018,12500,"Manual",12411,"Petrol",145,62.8,1,1,0,0
"Fiesta",2017,10000,"Manual",6653,"Petrol",0,65.7,1,1,0,0
"Fiesta",2017,8989,"Manual",8867,"Petrol",145,54.3,1.2,0,0,1
"Fiesta",2019,14599,"Manual",7036,"Petrol",145,58.9,1,1,0,0
"Fiesta",2016,8299,"Manual",32332,"Petrol",125,54.3,1.2,0,0,1
"Fiesta",2019,14000,"Manual",4000,"Petrol",145,56.5,1,1,0,0
"Fiesta",2017,9499,"Manual",19893,"Petrol",145,65.7,1,1,0,0
"Fiesta",2019,14499,"Manual",8721,"Petrol",145,58.9,1,1,0,0
"Fiesta",2018,9999,"Manual",27919,"Petrol",145,65.7,1,1,0,0
"Fiesta",2017,8594,"Manual",14899,"Petrol",125,54.3,1.2,0,0,1
"Fiesta",2019,13199,"Manual",7343,"Petrol",145,58.9,1,1,0,0
"Fiesta",2017,9599,"Manual",18593,"Petrol",0,65.7,1,1,0,0
"Fiesta",2018,11495,"Manual",4505,"Petrol",145,58.9,1,1,0,0
"Fiesta",2018,12700,"Manual",9900,"Petrol",145,57.7,1,1,0,0
"Fiesta",2018,10500,"Manual",13106,"Petrol",150,55.4,1.1,0,1,0
"Fiesta",2015,7250,"Manual",35524,"Petrol",0,65.7,1,1,0,0
"Fiesta",2015,8899,"Manual",24695,"Petrol",0,65.7,1,1,0,0
"Fiesta",2017,8595,"Manual",27183,"Petrol",0,65.7,1,1,0,0
"Fiesta",2017,8650,"Manual",16509,"Petrol",145,54.3,1.2,0,0,1
"Fiesta",2017,9495,"Manual",17840,"Petrol",0,65.7,1,1,0,0
"Fiesta",2017,11199,"Manual",2942,"Petrol",145,65.7,1,1,0,0
"Fiesta",2018,10350,"Manual",33564,"Petrol",145,65.7,1,1,0,0
"Fiesta",2015,10150,"Manual",12317,"Petrol",0,65.7,1,1,0,0
"Fiesta",2019,15200,"Manual",7809,"Petrol",145,58.9,1,1,0,0
"Fiesta",2019,16499,"Manual",7683,"Petrol",145,58.9,1,1,0,0
"Fiesta",2019,16200,"Manual",11096,"Petrol",150,55.4,1,1,0,0
"Fiesta",2017,9000,"Manual",19470,"Petrol",145,64.2,1.1,0,1,0
"Fiesta",2018,9900,"Manual",33996,"Petrol",145,65.7,1,1,0,0
"Fiesta",2018,11000,"Manual",16104,"Petrol",145,65.7,1,1,0,0
"Fiesta",2016,8599,"Manual",33589,"Petrol",20,62.8,1,1,0,0
"Fiesta",2019,12699,"Manual",2420,"Petrol",145,48.7,1.1,0,1,0
"Fiesta",2018,11900,"Manual",9003,"Petrol",145,58.9,1,1,0,0
"Fiesta",2019,12000,"Manual",4377,"Petrol",145,58.9,1,1,0,0
"Fiesta",2018,12750,"Manual",3391,"Petrol",145,56.5,1,1,0,0
"Fiesta",2018,11000,"Manual",18000,"Petrol",150,65.7,1,1,0,0
"Fiesta",2019,13400,"Manual",3440,"Petrol",150,56.5,1,1,0,0
"Fiesta",2018,11250,"Manual",14900,"Petrol",145,65.7,1,1,0,0
"Fiesta",2018,11100,"Manual",15145,"Petrol",145,65.7,1,1,0,0
"Fiesta",2017,10000,"Manual",14858,"Petrol",150,65.7,1,1,0,0
"Fiesta",2018,11000,"Manual",28528,"Petrol",145,65.7,1,1,0,0
"Fiesta",2018,15000,"Manual",3973,"Petrol",145,60.1,1,1,0,0
"Fiesta",2019,15700,"Manual",5250,"Petrol",145,60.1,1,1,0,0
"Fiesta",2018,11490,"Manual",34575,"Petrol",145,65.7,1,1,0,0
"Fiesta",2019,13690,"Manual",8514,"Petrol",145,56.5,1,1,0,0
"Fiesta",2018,10068,"Manual",29907,"Petrol",145,65.7,1,1,0,0
"Fiesta",2018,10000,"Manual",9670,"Petrol",145,65.7,1,1,0,0
"Fiesta",2018,9600,"Manual",11266,"Petrol",145,64.2,1.1,0,1,0
"Fiesta",2018,10900,"Manual",9417,"Petrol",145,65.7,1,1,0,0
"Fiesta",2020,17760,"Manual",5,"Petrol",145,58.9,1,1,0,0
"Fiesta",2017,7990,"Manual",11240,"Petrol",150,54.3,1.2,0,0,1
"Fiesta",2019,14990,"Manual",1637,"Petrol",145,56.5,1,1,0,0
"Fiesta",2019,14990,"Manual",11719,"Petrol",145,60.1,1,1,0,0
"Fiesta",2016,8990,"Manual",18200,"Petrol",0,65.7,1,1,0,0
"Fiesta",2017,9490,"Manual",12000,"Petrol",145,64.2,1.1,0,1,0
"Fiesta",2017,8250,"Manual",35924,"Petrol",0,65.7,1,1,0,0
"Fiesta",2019,15990,"Manual",8248,"Petrol",150,55.4,1,1,0,0
"Fiesta",2017,8250,"Manual",35955,"Petrol",0,65.7,1,1,0,0
"Fiesta",2018,10370,"Manual",34292,"Petrol",150,65.7,1,1,0,0
"Fiesta",2017,8990,"Manual",19000,"Petrol",145,65.7,1,1,0,0
"Fiesta",2018,10990,"Manual",8700,"Petrol",145,65.7,1,1,0,0
"Fiesta",2018,9590,"Manual",35955,"Petrol",145,65.7,1,1,0,0
"Fiesta",2019,14100,"Manual",3285,"Petrol",145,58.9,1,1,0,0
"Fiesta",2017,9000,"Manual",26136,"Petrol",150,65.7,1,1,0,0
"Fiesta",2018,10500,"Manual",5500,"Petrol",150,55.4,1.1,0,1,0
"Fiesta",2017,9700,"Manual",7450,"Petrol",150,64.2,1.1,0,1,0
"Fiesta",2017,10170,"Manual",16092,"Petrol",145,65.7,1,1,0,0
"Fiesta",2018,14500,"Manual",14698,"Petrol",145,62.8,1,1,0,0
"Fiesta",2016,6500,"Manual",60587,"Petrol",0,65.7,1,1,0,0
"Fiesta",2018,10500,"Manual",13557,"Petrol",145,65.7,1,1,0,0
"Fiesta",2018,10500,"Manual",10132,"Petrol",145,65.7,1,1,0,0
"Fiesta",2018,11200,"Manual",7634,"Petrol",145,65.7,1,1,0,0
"Fiesta",2019,14800,"Manual",656,"Petrol",145,56.5,1,1,0,0
"Fiesta",2018,11000,"Manual",20385,"Petrol",150,62.8,1,1,0,0
"Fiesta",2019,13000,"Manual",879,"Petrol",145,58.9,1,1,0,0
"Fiesta",2019,12500,"Manual",7808,"Petrol",145,65.7,1,1,0,0
"Fiesta",2019,12500,"Manual",7983,"Petrol",145,58.9,1,1,0,0
"Fiesta",2018,13100,"Manual",9000,"Petrol",145,58.9,1,1,0,0
"Fiesta",2018,10100,"Manual",10985,"Petrol",145,55.4,1.1,0,1,0
"Fiesta",2019,12500,"Manual",1100,"Petrol",145,58.9,1,1,0,0
"Fiesta",2018,10990,"Manual",11238,"Petrol",145,65.7,1,1,0,0
"Fiesta",2018,9890,"Manual",28298,"Petrol",145,65.7,1,1,0,0
"Fiesta",2017,8490,"Manual",20594,"Petrol",145,65.7,1,1,0,0
"Fiesta",2016,9790,"Manual",11660,"Petrol",0,65.7,1,1,0,0
"Fiesta",2020,18995,"Manual",2561,"Petrol",145,49.6,1,1,0,0
"Fiesta",2019,13000,"Manual",11276,"Petrol",145,58.9,1,1,0,0
"Fiesta",2017,7995,"Manual",47095,"Petrol",145,65.7,1,1,0,0
"Fiesta",2019,13000,"Manual",5728,"Petrol",145,56.5,1,1,0,0
"Fiesta",2017,9250,"Manual",29408,"Petrol",145,65.7,1,1,0,0
"Fiesta",2019,14000,"Manual",3532,"Petrol",145,56.5,1,1,0,0
"Fiesta",2018,10500,"Manual",35620,"Petrol",145,65.7,1,1,0,0
"Fiesta",2018,9500,"Manual",17685,"Petrol",145,64.2,1.1,0,1,0
"Fiesta",2017,8500,"Manual",23018,"Petrol",0,65.7,1,1,0,0
"Fiesta",2017,8250,"Manual",35790,"Petrol",0,65.7,1,1,0,0
"Fiesta",2018,12900,"Manual",20,"Petrol",145,58.9,1,1,0,0
"Fiesta",2019,12850,"Manual",5,"Petrol",145,48.7,1.1,0,1,0
"Fiesta",2020,14995,"Manual",50,"Petrol",145,56.5,1,1,0,0
"Fiesta",2019,13950,"Manual",10497,"Petrol",145,55.4,1,1,0,0
"Fiesta",2019,13100,"Manual",11869,"Petrol",145,58.9,1,1,0,0
"Fiesta",2018,12500,"Manual",9500,"Petrol",150,56.5,1,1,0,0
"Fiesta",2019,14850,"Manual",2587,"Petrol",145,58.9,1,1,0,0
"Fiesta",2020,15000,"Manual",250,"Petrol",150,56.5,1,1,0,0
"Fiesta",2017,10800,"Manual",15941,"Petrol",0,65.7,1,1,0,0
"Fiesta",2017,9250,"Manual",13800,"Petrol",145,65.7,1,1,0,0
"Fiesta",2018,10499,"Manual",17056,"Petrol",150,65.7,1,1,0,0
"Fiesta",2018,11000,"Manual",9309,"Petrol",150,65.7,1,1,0,0
"Fiesta",2018,14000,"Manual",15167,"Petrol",150,65.7,1,1,0,0
"Fiesta",2019,14499,"Manual",9905,"Petrol",145,55.4,1,1,0,0
"Fiesta",2019,14499,"Manual",8905,"Petrol",145,55.4,1,1,0,0
"Fiesta",2019,15499,"Manual",8971,"Petrol",145,55.4,1,1,0,0
"Fiesta",2018,13000,"Manual",31000,"Petrol",145,65.7,1,1,0,0
"Fiesta",2018,14500,"Manual",5089,"Petrol",145,58.9,1,1,0,0
"Fiesta",2019,14499,"Manual",7564,"Petrol",145,58.9,1,1,0,0
"Fiesta",2019,14499,"Manual",7800,"Petrol",145,58.9,1,1,0,0
"Fiesta",2018,9299,"Manual",33615,"Petrol",145,65.7,1,1,0,0
"Fiesta",2019,15499,"Manual",7450,"Petrol",145,58.9,1,1,0,0
"Fiesta",2017,10000,"Manual",22000,"Petrol",150,65.7,1,1,0,0
"Fiesta",2019,14200,"Manual",9209,"Petrol",150,62.8,1,1,0,0
"Fiesta",2017,12500,"Manual",18458,"Petrol",20,62.8,1,1,0,0
"Fiesta",2019,14999,"Manual",6509,"Petrol",145,60.1,1,1,0,0
"Fiesta",2019,15299,"Manual",6553,"Petrol",145,55.4,1,1,0,0
"Fiesta",2019,15999,"Manual",6814,"Petrol",145,55.4,1,1,0,0
"Fiesta",2017,9299,"Manual",30671,"Petrol",20,62.8,1,1,0,0
"Fiesta",2018,11320,"Manual",32185,"Petrol",145,65.7,1,1,0,0
"Fiesta",2019,12600,"Manual",90,"Petrol",145,58.9,1,1,0,0
"Fiesta",2018,9790,"Manual",20818,"Petrol",145,58.9,1,1,0,0
"Fiesta",2019,12600,"Manual",85,"Petrol",145,58.9,1,1,0,0
"Fiesta",2018,12400,"Manual",5000,"Petrol",145,55.4,1.1,0,1,0
"Fiesta",2019,18500,"Manual",6020,"Petrol",150,55.4,1,1,0,0
"Fiesta",2015,8380,"Manual",28006,"Petrol",20,62.8,1,1,0,0
"Fiesta",2018,10500,"Manual",21191,"Petrol",145,65.7,1,1,0,0
"Fiesta",2018,12500,"Manual",17793,"Petrol",145,55.4,1.1,0,1,0
"Fiesta",2017,9900,"Manual",9521,"Petrol",145,54.3,1.2,0,0,1
"Fiesta",2018,12000,"Manual",4200,"Petrol",150,65.7,1,1,0,0
"Fiesta",2019,17000,"Manual",1159,"Petrol",145,58.9,1,1,0,0
"Fiesta",2019,14999,"Manual",8518,"Petrol",145,60.1,1,1,0,0
"Fiesta",2019,14999,"Manual",5797,"Petrol",145,55.4,1,1,0,0
"Fiesta",2018,11450,"Manual",10610,"Petrol",145,56.5,1,1,0,0
"Fiesta",2016,8732,"Manual",23696,"Petrol",0,65.7,1,1,0,0
"Fiesta",2018,9795,"Manual",10267,"Petrol",150,64.2,1.1,0,1,0
"Fiesta",2016,9950,"Manual",25986,"Petrol",20,62.8,1,1,0,0
"Fiesta",2018,11850,"Manual",17224,"Petrol",145,56.5,1,1,0,0
"Fiesta",2018,14300,"Manual",10850,"Petrol",145,65.7,1,1,0,0
"Fiesta",2019,13995,"Manual",4533,"Petrol",145,56.5,1,1,0,0
"Fiesta",2016,7495,"Manual",36779,"Petrol",125,54.3,1.2,0,0,1
"Fiesta",2018,10400,"Manual",33247,"Petrol",145,65.7,1,1,0,0
"Fiesta",2018,12290,"Manual",10606,"Petrol",145,65.7,1,1,0,0
"Fiesta",2017,10790,"Manual",12903,"Petrol",150,65.7,1,1,0,0
"Fiesta",2018,13295,"Manual",26451,"Petrol",145,60.1,1,1,0,0
"Fiesta",2018,10500,"Manual",7555,"Petrol",145,65.7,1,1,0,0
"Fiesta",2017,9995,"Manual",20710,"Petrol",145,65.7,1,1,0,0
"Fiesta",2017,10000,"Manual",17559,"Petrol",0,65.7,1,1,0,0
"Fiesta",2018,14900,"Manual",7606,"Petrol",145,58.9,1,1,0,0
"Fiesta",2018,13250,"Manual",4578,"Petrol",150,65.7,1,1,0,0
"Fiesta",2018,11499,"Manual",16891,"Petrol",145,65.7,1,1,0,0
"Fiesta",2020,14500,"Manual",5,"Petrol",145,56.5,1,1,0,0
"Fiesta",2018,11450,"Manual",25117,"Petrol",145,65.7,1,1,0,0
"Fiesta",2018,11900,"Manual",6036,"Petrol",145,58.9,1,1,0,0
"Fiesta",2020,14950,"Manual",100,"Petrol",145,56.5,1,1,0,0
"Fiesta",2018,9400,"Manual",15156,"Petrol",150,64.2,1.1,0,1,0
"Fiesta",2016,8500,"Manual",30801,"Petrol",0,65.7,1,1,0,0
"Fiesta",2016,9750,"Manual",21001,"Petrol",20,62.8,1,1,0,0
"Fiesta",2018,9000,"Manual",18340,"Petrol",150,64.2,1.1,0,1,0
"Fiesta",2018,10500,"Manual",11587,"Petrol",150,58.9,1,1,0,0
"Fiesta",2016,7995,"Manual",20631,"Petrol",125,54.3,1.2,0,0,1
"Fiesta",2018,11300,"Manual",11089,"Petrol",145,56.5,1,1,0,0
"Fiesta",2018,12500,"Manual",116,"Petrol",145,65.7,1,1,0,0
"Fiesta",2017,9695,"Manual",22617,"Petrol",150,65.7,1,1,0,0
"Fiesta",2017,10000,"Manual",21933,"Petrol",145,62.8,1,1,0,0
"Fiesta",2018,12600,"Manual",5163,"Petrol",145,65.7,1,1,0,0
"Fiesta",2018,13250,"Manual",10067,"Petrol",150,57.7,1,1,0,0
"Fiesta",2018,13000,"Manual",28337,"Petrol",145,65.7,1,1,0,0
"Fiesta",2019,16000,"Manual",8300,"Petrol",145,58.9,1,1,0,0
"Fiesta",2018,10890,"Manual",32478,"Petrol",145,62.8,1,1,0,0
"Fiesta",2017,9995,"Manual",20097,"Petrol",145,65.7,1,1,0,0
"Fiesta",2019,14950,"Manual",1183,"Petrol",145,58.9,1,1,0,0
"Fiesta",2017,10750,"Manual",14417,"Petrol",145,62.8,1,1,0,0
"Fiesta",2018,11590,"Manual",8158,"Petrol",145,65.7,1,1,0,0
"Fiesta",2018,9900,"Manual",30552,"Petrol",150,65.7,1,1,0,0
"Fiesta",2019,14500,"Manual",10000,"Petrol",145,58.9,1,1,0,0
"Fiesta",2019,13290,"Manual",7995,"Petrol",145,58.9,1,1,0,0
"Fiesta",2018,10000,"Manual",10324,"Petrol",145,64.2,1.1,0,1,0
"Fiesta",2018,12500,"Manual",15000,"Petrol",145,65.7,1,1,0,0
"Fiesta",2017,9000,"Manual",31747,"Petrol",145,65.7,1,1,0,0
"Fiesta",2015,8490,"Manual",30000,"Petrol",20,62.8,1,1,0,0
"Fiesta",2018,9980,"Manual",8770,"Petrol",150,64.2,1.1,0,1,0
"Fiesta",2018,15495,"Manual",7511,"Petrol",145,58.9,1,1,0,0
"Fiesta",2017,8495,"Manual",18454,"Petrol",150,65.7,1,1,0,0
"Fiesta",2017,9995,"Manual",34112,"Petrol",145,65.7,1,1,0,0
"Fiesta",2018,9788,"Manual",15432,"Petrol",145,65.7,1,1,0,0
"Fiesta",2017,8980,"Manual",28036,"Petrol",125,54.3,1.2,0,0,1
"Fiesta",2017,8980,"Manual",27213,"Petrol",0,65.7,1,1,0,0
"Fiesta",2017,9980,"Manual",5965,"Petrol",150,65.7,1,1,0,0
"Fiesta",2017,8600,"Manual",33000,"Petrol",0,65.7,1,1,0,0
"Fiesta",2018,11950,"Manual",9000,"Petrol",150,65.7,1,1,0,0
"Fiesta",2017,8980,"Manual",29674,"Petrol",0,65.7,1,1,0,0
"Fiesta",2018,12995,"Manual",26145,"Petrol",145,62.8,1,1,0,0
"Fiesta",2016,8000,"Manual",32200,"Petrol",0,65.7,1,1,0,0
"Fiesta",2015,7490,"Manual",49121,"Petrol",0,65.7,1,1,0,0
"Fiesta",2015,7490,"Manual",42204,"Petrol",0,65.7,1,1,0,0
"Fiesta",2018,10234,"Manual",34486,"Petrol",150,65.7,1,1,0,0
"Fiesta",2018,9461,"Manual",26016,"Petrol",150,64.2,1.1,0,1,0
"Fiesta",2018,11990,"Manual",16073,"Petrol",145,65.7,1,1,0,0
"Fiesta",2017,9495,"Manual",18000,"Petrol",125,54.3,1.2,0,0,1
"Fiesta",2018,12490,"Manual",13131,"Petrol",145,62.8,1,1,0,0
"Fiesta",2017,7429,"Manual",19816,"Petrol",125,54.3,1.2,0,0,1
"Fiesta",2017,9193,"Manual",23881,"Petrol",0,65.7,1,1,0,0
"Fiesta",2017,9695,"Manual",23000,"Petrol",150,65.7,1,1,0,0
"Fiesta",2017,9000,"Manual",42876,"Petrol",145,65.7,1,1,0,0
"Fiesta",2016,5400,"Manual",56675,"Petrol",125,54.3,1.2,0,0,1
"Fiesta",2016,8999,"Manual",27000,"Petrol",20,62.8,1,1,0,0
"Fiesta",2018,10995,"Manual",6890,"Petrol",145,65.7,1,1,0,0
"Fiesta",2019,11800,"Manual",16334,"Petrol",145,60.1,1,1,0,0
"Fiesta",2019,10730,"Manual",6427,"Petrol",150,55.4,1.1,0,1,0
"Fiesta",2015,5995,"Manual",78000,"Petrol",125,54.3,1.2,0,0,1
"Fiesta",2015,7700,"Manual",34530,"Petrol",0,65.7,1,1,0,0
"Fiesta",2016,7495,"Manual",19657,"Petrol",125,54.3,1.2,0,0,1
"Fiesta",2015,7800,"Manual",28065,"Petrol",0,65.7,1,1,0,0
"Fiesta",2017,9400,"Manual",9288,"Petrol",125,54.3,1.2,0,0,1
"Fiesta",2017,8300,"Manual",18542,"Petrol",125,54.3,1.2,0,0,1
"Fiesta",2016,9500,"Manual",40094,"Petrol",20,62.8,1,1,0,0
"Fiesta",2018,10500,"Manual",23439,"Petrol",145,65.7,1,1,0,0
"Fiesta",2018,9500,"Manual",28521,"Petrol",145,64.2,1.1,0,1,0
"Fiesta",2017,10000,"Manual",15217,"Petrol",0,65.7,1,1,0,0
"Fiesta",2016,10100,"Manual",12477,"Petrol",0,65.7,1,1,0,0
"Fiesta",2018,13300,"Manual",19941,"Petrol",145,65.7,1,1,0,0
"Fiesta",2016,9100,"Manual",17598,"Petrol",125,54.3,1.2,0,0,1
"Fiesta",2016,9900,"Manual",25028,"Petrol",20,62.8,1,1,0,0
"Fiesta",2016,7200,"Manual",39345,"Petrol",125,54.3,1.2,0,0,1
"Fiesta",2015,7990,"Manual",26000,"Petrol",0,65.7,1,1,0,0
"Fiesta",2016,10400,"Manual",20000,"Petrol",20,62.8,1,1,0,0
"Fiesta",2016,5990,"Manual",40000,"Petrol",125,54.3,1.2,0,0,1
"Fiesta",2016,6990,"Manual",50000,"Petrol",0,65.7,1,1,0,0
"Fiesta",2016,9600,"Manual",24257,"Petrol",0,65.7,1,1,0,0
"Fiesta",2019,12300,"Manual",16327,"Petrol",145,60.1,1,1,0,0
"Fiesta",2015,4990,"Manual",32000,"Petrol",125,54.3,1.2,0,0,1
"Fiesta",2015,4990,"Manual",45000,"Petrol",125,54.3,1.2,0,0,1
"Fiesta",2017,7800,"Manual",34257,"Petrol",0,65.7,1,1,0,0
"Fiesta",2018,9399,"Manual",31824,"Petrol",145,65.7,1,1,0,0
"Fiesta",2016,10900,"Manual",5765,"Petrol",0,65.7,1,1,0,0
"Fiesta",2018,11300,"Manual",32139,"Petrol",145,65.7,1,1,0,0
"Fiesta",2018,8899,"Manual",36512,"Petrol",145,65.7,1,1,0,0
"Fiesta",2016,7999,"Manual",34547,"Petrol",0,65.7,1,1,0,0
"Fiesta",2016,8099,"Manual",12072,"Petrol",125,54.3,1.2,0,0,1
"Fiesta",2015,6980,"Manual",28329,"Petrol",125,54.3,1.2,0,0,1
"Fiesta",2015,8669,"Manual",16925,"Petrol",0,65.7,1,1,0,0
"Fiesta",2016,8284,"Manual",12956,"Petrol",0,65.7,1,1,0,0
"Fiesta",2017,9191,"Manual",10729,"Petrol",145,64.2,1.1,0,1,0
"Fiesta",2016,7058,"Manual",15140,"Petrol",125,54.3,1.2,0,0,1
"Fiesta",2017,8999,"Manual",10731,"Petrol",145,64.2,1.1,0,1,0
"Fiesta",2016,7541,"Manual",14299,"Petrol",125,54.3,1.2,0,0,1
"Fiesta",2018,11980,"Manual",20257,"Petrol",145,65.7,1,1,0,0
"Fiesta",2019,12790,"Manual",10824,"Petrol",145,58.9,1,1,0,0
"Fiesta",2017,7990,"Manual",24003,"Petrol",145,64.2,1.1,0,1,0
"Fiesta",2018,9999,"Manual",13614,"Petrol",145,64.2,1.1,0,1,0
"Fiesta",2015,8845,"Manual",29194,"Petrol",0,65.7,1,1,0,0
"Fiesta",2018,11997,"Manual",10230,"Petrol",145,58.9,1,1,0,0
"Fiesta",2017,9739,"Manual",23500,"Petrol",20,62.8,1,1,0,0
"Fiesta",2018,11913,"Manual",18639,"Petrol",145,62.8,1,1,0,0
"Fiesta",2016,7147,"Manual",32780,"Petrol",0,65.7,1,1,0,0
"Fiesta",2018,10999,"Manual",30295,"Petrol",145,65.7,1,1,0,0
"Fiesta",2017,9499,"Manual",17378,"Petrol",145,65.7,1,1,0,0
"Fiesta",2016,8825,"Manual",21297,"Petrol",20,62.8,1,1,0,0
"Fiesta",2017,10499,"Manual",31803,"Petrol",145,65.7,1,1,0,0
"Fiesta",2016,10414,"Manual",23998,"Petrol",20,62.8,1,1,0,0
"Fiesta",2017,8499,"Manual",12412,"Petrol",145,65.7,1,1,0,0
"Fiesta",2019,14499,"Manual",9033,"Petrol",150,55.4,1,1,0,0
"Fiesta",2019,15499,"Manual",3765,"Petrol",145,55.4,1,1,0,0
"Fiesta",2017,10499,"Manual",13625,"Petrol",0,65.7,1,1,0,0
"Fiesta",2017,8995,"Manual",13759,"Petrol",145,54.3,1.2,0,0,1
"Fiesta",2016,10999,"Manual",11264,"Petrol",20,62.8,1,1,0,0
"Fiesta",2015,6495,"Manual",41896,"Petrol",125,54.3,1.2,0,0,1
"Fiesta",2015,8999,"Manual",9467,"Petrol",0,65.7,1,1,0,0
"Fiesta",2017,10600,"Manual",29358,"Petrol",0,65.7,1,1,0,0
"Fiesta",2015,7999,"Manual",15107,"Petrol",0,65.7,1,1,0,0
"Fiesta",2019,13200,"Manual",18331,"Petrol",145,60.1,1,1,0,0
"Fiesta",2017,11300,"Manual",14577,"Petrol",145,65.7,1,1,0,0
"Fiesta",2018,10800,"Manual",29783,"Petrol",145,56.5,1,1,0,0
"Fiesta",2019,12498,"Manual",12831,"Petrol",145,65.7,1,1,0,0
"Fiesta",2015,8999,"Manual",9181,"Petrol",0,65.7,1,1,0,0
"Fiesta",2017,8199,"Manual",30510,"Petrol",150,54.3,1.2,0,0,1
"Fiesta",2017,8300,"Manual",23255,"Petrol",0,65.7,1,1,0,0
"Fiesta",2016,8200,"Manual",31272,"Petrol",0,65.7,1,1,0,0
"Fiesta",2016,8300,"Manual",38043,"Petrol",0,65.7,1,1,0,0
"Fiesta",2019,12600,"Manual",12663,"Petrol",145,58.9,1,1,0,0
"Fiesta",2019,12999,"Manual",8732,"Petrol",145,58.9,1,1,0,0
"Fiesta",2016,8200,"Manual",21731,"Petrol",0,65.7,1,1,0,0
"Fiesta",2020,15999,"Manual",183,"Petrol",150,55.4,1,1,0,0
"Fiesta",2016,7800,"Manual",29512,"Petrol",0,65.7,1,1,0,0
"Fiesta",2016,8200,"Manual",29529,"Petrol",0,65.7,1,1,0,0
"Fiesta",2017,7995,"Manual",41589,"Petrol",145,65.7,1,1,0,0
"Fiesta",2016,9295,"Manual",35150,"Petrol",0,65.7,1,1,0,0
"Fiesta",2015,7100,"Manual",33428,"Petrol",0,65.7,1,1,0,0
"Fiesta",2018,13495,"Manual",6019,"Petrol",145,65.7,1,1,0,0
"Fiesta",2018,10489,"Manual",19137,"Petrol",150,65.7,1,1,0,0
"Fiesta",2015,7189,"Manual",28101,"Petrol",125,54.3,1.2,0,0,1
"Fiesta",2018,11489,"Manual",18377,"Petrol",150,65.7,1,1,0,0
"Fiesta",2018,9989,"Manual",23591,"Petrol",150,65.7,1,1,0,0
"Fiesta",2016,7389,"Manual",8741,"Petrol",125,54.3,1.2,0,0,1
"Fiesta",2017,9589,"Manual",8659,"Petrol",145,65.7,1,1,0,0
"Fiesta",2018,9989,"Manual",22922,"Petrol",150,65.7,1,1,0,0
"Fiesta",2017,9489,"Manual",37069,"Petrol",0,57.7,1,1,0,0
"Fiesta",2017,10300,"Manual",18667,"Petrol",150,65.7,1,1,0,0
"Fiesta",2017,9800,"Manual",25708,"Petrol",0,65.7,1,1,0,0
"Fiesta",2017,9500,"Manual",27804,"Petrol",20,62.8,1,1,0,0
"Fiesta",2016,9700,"Manual",28826,"Petrol",20,62.8,1,1,0,0
"Fiesta",2016,8700,"Manual",19706,"Petrol",125,54.3,1.2,0,0,1
"Fiesta",2018,11200,"Manual",20867,"Petrol",145,56.5,1,1,0,0
"Fiesta",2017,9000,"Manual",25653,"Petrol",145,65.7,1,1,0,0
"Fiesta",2016,10300,"Manual",17586,"Petrol",0,65.7,1,1,0,0
"Fiesta",2016,10800,"Manual",20615,"Petrol",20,62.8,1,1,0,0
"Fiesta",2015,7700,"Manual",52210,"Petrol",30,55.4,1,1,0,0
"Fiesta",2016,8700,"Manual",19928,"Petrol",125,54.3,1.2,0,0,1
"Fiesta",2019,12500,"Manual",11260,"Petrol",145,60.1,1,1,0,0
"Fiesta",2017,9200,"Manual",32463,"Petrol",0,65.7,1,1,0,0
"Fiesta",2016,9000,"Manual",33327,"Petrol",0,65.7,1,1,0,0
"Fiesta",2015,7200,"Manual",36740,"Petrol",125,54.3,1.2,0,0,1
"Fiesta",2019,11600,"Manual",16127,"Petrol",145,60.1,1,1,0,0
"Fiesta",2016,10800,"Manual",19030,"Petrol",20,62.8,1,1,0,0
"Fiesta",2018,10300,"Manual",28480,"Petrol",145,65.7,1,1,0,0
"Fiesta",2019,14000,"Manual",9427,"Petrol",145,55.4,1,1,0,0
"Fiesta",2015,8000,"Manual",33011,"Petrol",125,54.3,1.2,0,0,1
"Fiesta",2015,6600,"Manual",46794,"Petrol",125,54.3,1.2,0,0,1
"Fiesta",2017,11000,"Manual",25292,"Petrol",0,65.7,1,1,0,0
"Fiesta",2016,9400,"Manual",10791,"Petrol",125,54.3,1.2,0,0,1
"Fiesta",2019,13800,"Manual",5111,"Petrol",145,58.9,1,1,0,0
"Fiesta",2017,10300,"Manual",14991,"Petrol",145,65.7,1,1,0,0
"Fiesta",2016,9100,"Manual",13425,"Petrol",0,65.7,1,1,0,0
"Fiesta",2015,6800,"Manual",32204,"Petrol",30,54.3,1.2,0,0,1
"Fiesta",2015,9600,"Manual",18810,"Petrol",20,62.8,1,1,0,0
"Fiesta",2017,8500,"Manual",12254,"Petrol",150,64.2,1.1,0,1,0
"Fiesta",2017,10500,"Manual",31779,"Petrol",0,65.7,1,1,0,0
"Fiesta",2016,8795,"Manual",38886,"Petrol",0,65.7,1,1,0,0
"Fiesta",2017,9250,"Manual",21128,"Petrol",0,65.7,1,1,0,0
"Fiesta",2018,13000,"Manual",16800,"Petrol",145,58.9,1,1,0,0
"Fiesta",2017,8289,"Manual",28405,"Petrol",150,65.7,1,1,0,0
"Fiesta",2017,8750,"Manual",19000,"Petrol",125,54.3,1.2,0,0,1
"Fiesta",2019,12489,"Manual",11623,"Petrol",145,58.9,1,1,0,0
"Fiesta",2017,8900,"Manual",25520,"Petrol",125,54.3,1.2,0,0,1
"Fiesta",2018,9789,"Manual",16577,"Petrol",145,65.7,1,1,0,0
"Fiesta",2018,9289,"Manual",16086,"Petrol",145,64.2,1.1,0,1,0
"Fiesta",2017,8989,"Manual",16939,"Petrol",0,65.7,1,1,0,0
"Fiesta",2016,8489,"Manual",25320,"Petrol",125,54.3,1.2,0,0,1
"Fiesta",2017,10489,"Manual",21518,"Petrol",145,62.8,1,1,0,0
"Fiesta",2018,9500,"Manual",27461,"Petrol",145,64.2,1.1,0,1,0
"Fiesta",2017,9700,"Manual",11186,"Petrol",0,65.7,1,1,0,0
"Fiesta",2018,9998,"Manual",2332,"Petrol",145,55.4,1.1,0,1,0
"Fiesta",2017,7995,"Manual",18020,"Petrol",125,54.3,1.2,0,0,1
"Fiesta",2016,8995,"Manual",28105,"Petrol",0,65.7,1,1,0,0
"Fiesta",2015,6199,"Manual",40700,"Petrol",125,54.3,1.2,0,0,1
"Fiesta",2018,9499,"Manual",10264,"Petrol",145,58.9,1,1,0,0
"Fiesta",2016,7900,"Manual",40284,"Petrol",125,54.3,1.2,0,0,1
"Fiesta",2017,9000,"Manual",15809,"Petrol",150,65.7,1,1,0,0
"Fiesta",2018,10498,"Manual",12229,"Petrol",145,58.9,1,1,0,0
"Fiesta",2018,10999,"Manual",18821,"Petrol",145,56.5,1,1,0,0
"Fiesta",2015,7695,"Manual",28200,"Petrol",30,54.3,1.2,0,0,1
"Fiesta",2017,8499,"Manual",12606,"Petrol",145,54.3,1.2,0,0,1
"Fiesta",2017,7499,"Manual",32796,"Petrol",0,65.7,1,1,0,0
"Fiesta",2018,7899,"Manual",30390,"Petrol",145,64.2,1.1,0,1,0
"Fiesta",2015,6750,"Manual",11900,"Petrol",125,54.3,1.2,0,0,1
"Fiesta",2015,7899,"Manual",30125,"Petrol",0,65.7,1,1,0,0
"Fiesta",2015,8750,"Manual",15548,"Petrol",0,65.7,1,1,0,0
"Fiesta",2016,10199,"Manual",18010,"Petrol",0,65.7,1,1,0,0
"Fiesta",2018,10999,"Manual",28323,"Petrol",145,65.7,1,1,0,0
"Fiesta",2018,11995,"Manual",15329,"Petrol",145,65.7,1,1,0,0
"Fiesta",2018,10770,"Manual",17202,"Petrol",145,65.7,1,1,0,0
"Fiesta",2015,7350,"Manual",66445,"Petrol",20,62.8,1,1,0,0
"Fiesta",2018,11750,"Manual",13000,"Petrol",145,65.7,1,1,0,0
"Fiesta",2018,9995,"Manual",12873,"Petrol",150,64.2,1.1,0,1,0
"Fiesta",2018,12495,"Manual",12012,"Petrol",145,65.7,1,1,0,0
"Fiesta",2018,11395,"Manual",10602,"Petrol",145,58.9,1,1,0,0
"Fiesta",2019,14795,"Manual",2159,"Petrol",145,58.9,1,1,0,0
"Fiesta",2018,9995,"Manual",15522,"Petrol",145,65.7,1,1,0,0
"Fiesta",2017,9795,"Manual",8606,"Petrol",0,65.7,1,1,0,0
"Fiesta",2017,9500,"Manual",15979,"Petrol",0,65.7,1,1,0,0
"Fiesta",2018,9790,"Manual",20207,"Petrol",145,65.7,1,1,0,0
"Fiesta",2015,6195,"Manual",75720,"Petrol",20,62.8,1,1,0,0
"Fiesta",2015,7799,"Manual",19110,"Petrol",125,54.3,1.2,0,0,1
"Fiesta",2015,8500,"Manual",24770,"Petrol",20,62.8,1,1,0,0
"Fiesta",2019,14295,"Manual",6988,"Petrol",145,65.7,1,1,0,0
"Fiesta",2015,8275,"Manual",35000,"Petrol",20,62.8,1,1,0,0
"Fiesta",2017,9999,"Manual",30060,"Petrol",145,65.7,1,1,0,0
"Fiesta",2017,7667,"Manual",11050,"Petrol",145,65.7,1,1,0,0
"Fiesta",2016,8399,"Manual",8886,"Petrol",125,54.3,1.2,0,0,1
"Fiesta",2015,7999,"Manual",21939,"Petrol",0,65.7,1,1,0,0
"Fiesta",2018,14599,"Manual",18528,"Petrol",145,62.8,1,1,0,0
"Fiesta",2015,7499,"Manual",33358,"Petrol",30,54.3,1.2,0,0,1
"Fiesta",2016,6495,"Manual",65000,"Petrol",0,65.7,1,1,0,0
"Fiesta",2018,7899,"Manual",27784,"Petrol",145,64.2,1.1,0,1,0
"Fiesta",2015,8799,"Manual",31117,"Petrol",0,65.7,1,1,0,0
"Fiesta",2017,7299,"Manual",26932,"Petrol",125,54.3,1.2,0,0,1
"Fiesta",2017,10299,"Manual",21245,"Petrol",20,62.8,1,1,0,0
"Fiesta",2015,7499,"Manual",31737,"Petrol",0,65.7,1,1,0,0
"Fiesta",2016,7099,"Manual",19245,"Petrol",125,54.3,1.2,0,0,1
"Fiesta",2017,9299,"Manual",20556,"Petrol",145,65.7,1,1,0,0
"Fiesta",2018,8999,"Manual",10498,"Petrol",145,64.2,1.1,0,1,0
"Fiesta",2016,8699,"Manual",27223,"Petrol",0,65.7,1,1,0,0
"Fiesta",2017,8799,"Manual",28748,"Petrol",0,65.7,1,1,0,0
"Fiesta",2018,9899,"Manual",20521,"Petrol",145,65.7,1,1,0,0
"Fiesta",2018,9399,"Manual",28257,"Petrol",145,65.7,1,1,0,0
"Fiesta",2017,11995,"Manual",10000,"Petrol",145,65.7,1,1,0,0
"Fiesta",2018,10999,"Manual",24453,"Petrol",145,56.5,1,1,0,0
"Fiesta",2015,8995,"Manual",20000,"Petrol",0,65.7,1,1,0,0
"Fiesta",2016,6999,"Manual",48138,"Petrol",0,65.7,1,1,0,0
"Fiesta",2017,8959,"Manual",8758,"Petrol",125,54.3,1.2,0,0,1
"Fiesta",2016,10499,"Manual",25049,"Petrol",20,62.8,1,1,0,0
"Fiesta",2016,8549,"Manual",38903,"Petrol",20,62.8,1,1,0,0
"Fiesta",2016,9749,"Manual",16283,"Petrol",0,65.7,1,1,0,0
"Fiesta",2015,9369,"Manual",14782,"Petrol",20,62.8,1,1,0,0
"Fiesta",2016,7299,"Manual",31877,"Petrol",125,54.3,1.2,0,0,1
"Fiesta",2016,8295,"Manual",45000,"Petrol",20,62.8,1,1,0,0
"Fiesta",2015,7759,"Manual",18380,"Petrol",125,54.3,1.2,0,0,1
"Fiesta",2015,6990,"Manual",52080,"Petrol",0,65.7,1,1,0,0
"Fiesta",2018,10250,"Manual",22600,"Petrol",145,65.7,1,1,0,0
"Fiesta",2016,11000,"Manual",29812,"Petrol",0,65.7,1,1,0,0
"Fiesta",2018,12282,"Manual",6654,"Petrol",145,58.9,1,1,0,0
"Fiesta",2019,12099,"Manual",1598,"Petrol",145,58.9,1,1,0,0
"Fiesta",2017,10103,"Manual",14415,"Petrol",145,65.7,1,1,0,0
"Fiesta",2017,10290,"Manual",7824,"Petrol",145,65.7,1,1,0,0
"Fiesta",2016,7698,"Manual",19799,"Petrol",125,54.3,1.2,0,0,1
"Fiesta",2017,7780,"Manual",29328,"Petrol",150,65.7,1,1,0,0
"Fiesta",2017,8995,"Manual",35000,"Petrol",145,65.7,1,1,0,0
"Fiesta",2018,9000,"Manual",11371,"Petrol",150,64.2,1.1,0,1,0
"Fiesta",2017,8950,"Manual",26000,"Petrol",0,65.7,1,1,0,0
"Fiesta",2017,9000,"Manual",22753,"Petrol",150,64.2,1.1,0,1,0
"Fiesta",2019,13000,"Manual",1334,"Petrol",145,48.7,1.1,0,1,0
"Fiesta",2019,12750,"Manual",7269,"Petrol",145,58.9,1,1,0,0
"Fiesta",2017,10295,"Manual",9600,"Petrol",0,65.7,1,1,0,0
"Fiesta",2019,12249,"Manual",2131,"Petrol",145,55.4,1.1,0,1,0
"Fiesta",2017,9295,"Manual",14824,"Petrol",0,65.7,1,1,0,0
"Fiesta",2017,10999,"Manual",16300,"Petrol",150,65.7,1,1,0,0
"Fiesta",2017,8795,"Manual",8719,"Petrol",125,54.3,1.2,0,0,1
"Fiesta",2018,11295,"Manual",9132,"Petrol",145,58.9,1,1,0,0
"Fiesta",2016,7995,"Manual",31000,"Petrol",0,65.7,1,1,0,0
"Fiesta",2018,10495,"Manual",31658,"Petrol",145,65.7,1,1,0,0
"Fiesta",2016,9999,"Manual",34300,"Petrol",0,65.7,1,1,0,0
"Fiesta",2016,6995,"Manual",32000,"Petrol",20,62.8,1,1,0,0
"Fiesta",2016,7438,"Manual",42701,"Petrol",125,54.3,1.2,0,0,1
"Fiesta",2019,12000,"Manual",5517,"Petrol",145,48.7,1.1,0,1,0
"Fiesta",2019,16000,"Manual",3571,"Petrol",145,60.1,1,1,0,0
"Fiesta",2017,9500,"Manual",37463,"Petrol",150,65.7,1,1,0,0
"Fiesta",2017,10000,"Manual",31119,"Petrol",150,65.7,1,1,0,0
"Fiesta",2018,9000,"Manual",49015,"Petrol",145,65.7,1,1,0,0
"Fiesta",2020,14000,"Manual",9,"Petrol",150,55.4,1,1,0,0
"Fiesta",2018,10995,"Manual",36000,"Petrol",150,65.7,1,1,0,0
"Fiesta",2018,12400,"Manual",20396,"Petrol",145,65.7,1,1,0,0
"Fiesta",2016,7300,"Manual",48118,"Petrol",0,65.7,1,1,0,0
"Fiesta",2017,9500,"Manual",8770,"Petrol",150,65.7,1,1,0,0
"Fiesta",2017,8500,"Manual",47311,"Petrol",150,65.7,1,1,0,0
"Fiesta",2017,8800,"Manual",20221,"Petrol",0,65.7,1,1,0,0
"Fiesta",2018,8000,"Manual",32402,"Petrol",145,64.2,1.1,0,1,0
"Fiesta",2019,10750,"Manual",26401,"Petrol",150,56.5,1,1,0,0
"Fiesta",2019,11000,"Manual",19153,"Petrol",150,56.5,1,1,0,0
"Fiesta",2017,9800,"Manual",26141,"Petrol",20,62.8,1,1,0,0
"Fiesta",2017,8400,"Manual",26645,"Petrol",0,65.7,1,1,0,0
"Fiesta",2017,8200,"Manual",30372,"Petrol",0,65.7,1,1,0,0
"Fiesta",2017,9950,"Manual",17502,"Petrol",150,65.7,1,1,0,0
"Fiesta",2018,11995,"Manual",7000,"Petrol",145,65.7,1,1,0,0
"Fiesta",2017,8600,"Manual",25919,"Petrol",0,65.7,1,1,0,0
"Fiesta",2018,8700,"Manual",37345,"Petrol",145,64.2,1.1,0,1,0
"Fiesta",2016,7500,"Manual",13928,"Petrol",125,54.3,1.2,0,0,1
"Fiesta",2016,9000,"Manual",25915,"Petrol",20,62.8,1,1,0,0
"Fiesta",2018,12700,"Manual",12038,"Petrol",145,65.7,1,1,0,0
"Fiesta",2016,6950,"Manual",44545,"Petrol",125,54.3,1.2,0,0,1
"Fiesta",2016,8500,"Manual",20844,"Petrol",0,65.7,1,1,0,0
"Fiesta",2017,9690,"Manual",21523,"Petrol",0,65.7,1,1,0,0
"Fiesta",2017,8988,"Manual",22029,"Petrol",0,65.7,1,1,0,0
"Fiesta",2015,7495,"Manual",26417,"Petrol",0,65.7,1,1,0,0
"Fiesta",2018,13500,"Manual",7181,"Petrol",145,65.7,1,1,0,0
"Fiesta",2017,11000,"Manual",9066,"Petrol",0,65.7,1,1,0,0
"Fiesta",2018,11500,"Manual",15417,"Petrol",145,65.7,1,1,0,0
"Fiesta",2020,16500,"Manual",1500,"Petrol",145,58.9,1,1,0,0
"Fiesta",2020,15000,"Manual",250,"Petrol",145,58.9,1,1,0,0
"Fiesta",2016,9999,"Manual",14000,"Petrol",0,65.7,1,1,0,0
"Fiesta",2017,10900,"Manual",19424,"Petrol",145,65.7,1,1,0,0
"Fiesta",2019,12500,"Manual",3750,"Petrol",145,55.4,1.1,0,1,0
"Fiesta",2015,6900,"Manual",37000,"Petrol",0,65.7,1,1,0,0
"Fiesta",2020,15999,"Manual",2100,"Petrol",150,58.9,1,1,0,0
"Fiesta",2019,16499,"Manual",4156,"Petrol",145,58.9,1,1,0,0
"Fiesta",2018,10899,"Manual",9973,"Petrol",145,65.7,1,1,0,0
"Fiesta",2018,10499,"Manual",9377,"Petrol",145,64.2,1.1,0,1,0
"Fiesta",2018,13499,"Manual",13503,"Petrol",145,58.9,1,1,0,0
"Fiesta",2019,13999,"Manual",1779,"Petrol",145,55.4,1,1,0,0
"Fiesta",2020,15799,"Manual",120,"Petrol",150,58.9,1,1,0,0
"Fiesta",2015,8999,"Manual",24546,"Petrol",0,65.7,1,1,0,0
